time_s,torsion_a_v,torsion_b_v
-2.999999999999999889e-02,3.520000000000000018e+00,3.768000000000000238e+00
-2.994999999999999746e-02,3.620000000000000107e+00,3.847999999999999865e+00
-2.989999999999999949e-02,3.600000000000000089e+00,3.824000000000000288e+00
-2.984999999999999806e-02,3.540000000000000036e+00,3.788000000000000256e+00
-2.980000000000000010e-02,3.540000000000000036e+00,3.828000000000000291e+00
-2.974999999999999867e-02,3.600000000000000089e+00,3.792000000000000259e+00
-2.969999999999999724e-02,3.520000000000000018e+00,3.780000000000000249e+00
-2.964999999999999927e-02,3.680000000000000160e+00,3.836000000000000298e+00
-2.959999999999999784e-02,3.700000000000000178e+00,3.808000000000000274e+00
-2.954999999999999988e-02,3.640000000000000124e+00,3.843999999999999861e+00
-2.949999999999999845e-02,3.700000000000000178e+00,3.851999999999999869e+00
-2.945000000000000048e-02,3.660000000000000142e+00,3.808000000000000274e+00
-2.939999999999999905e-02,3.700000000000000178e+00,3.816000000000000281e+00
-2.934999999999999762e-02,3.660000000000000142e+00,3.859999999999999876e+00
-2.929999999999999966e-02,3.660000000000000142e+00,3.816000000000000281e+00
-2.924999999999999822e-02,3.700000000000000178e+00,3.859999999999999876e+00
-2.920000000000000026e-02,3.700000000000000178e+00,3.824000000000000288e+00
-2.914999999999999883e-02,3.660000000000000142e+00,3.859999999999999876e+00
-2.909999999999999740e-02,3.660000000000000142e+00,3.816000000000000281e+00
-2.904999999999999943e-02,3.740000000000000213e+00,3.867999999999999883e+00
-2.899999999999999800e-02,3.740000000000000213e+00,3.879999999999999893e+00
-2.895000000000000004e-02,3.660000000000000142e+00,3.812000000000000277e+00
-2.889999999999999861e-02,3.660000000000000142e+00,3.863999999999999879e+00
-2.885000000000000064e-02,3.700000000000000178e+00,3.820000000000000284e+00
-2.879999999999999921e-02,3.660000000000000142e+00,3.859999999999999876e+00
-2.874999999999999778e-02,3.700000000000000178e+00,3.824000000000000288e+00
-2.869999999999999982e-02,3.700000000000000178e+00,3.867999999999999883e+00
-2.864999999999999838e-02,3.200000000000000178e+00,3.784000000000000252e+00
-2.860000000000000042e-02,3.260000000000000231e+00,3.808000000000000274e+00
-2.854999999999999899e-02,3.180000000000000160e+00,3.748000000000000220e+00
-2.849999999999999756e-02,3.220000000000000195e+00,3.784000000000000252e+00
-2.844999999999999959e-02,3.160000000000000142e+00,3.732000000000000206e+00
-2.839999999999999816e-02,3.160000000000000142e+00,3.760000000000000231e+00
-2.835000000000000020e-02,3.200000000000000178e+00,3.720000000000000195e+00
-2.829999999999999877e-02,3.200000000000000178e+00,3.748000000000000220e+00
-2.824999999999999734e-02,3.120000000000000107e+00,3.712000000000000188e+00
-2.819999999999999937e-02,3.120000000000000107e+00,3.744000000000000217e+00
-2.814999999999999794e-02,3.180000000000000160e+00,3.708000000000000185e+00
-2.809999999999999998e-02,3.180000000000000160e+00,3.736000000000000210e+00
-2.804999999999999855e-02,3.100000000000000089e+00,3.676000000000000156e+00
-2.799999999999999711e-02,3.100000000000000089e+00,3.680000000000000160e+00
-2.794999999999999915e-02,3.200000000000000178e+00,3.764000000000000234e+00
-2.789999999999999772e-02,3.120000000000000107e+00,3.728000000000000203e+00
-2.784999999999999976e-02,3.180000000000000160e+00,3.692000000000000171e+00
-2.779999999999999832e-02,3.120000000000000107e+00,3.724000000000000199e+00
-2.774999999999999689e-02,3.180000000000000160e+00,3.696000000000000174e+00
-2.769999999999999893e-02,3.120000000000000107e+00,3.692000000000000171e+00
-2.764999999999999750e-02,3.419999999999999929e+00,3.752000000000000224e+00
-2.759999999999999953e-02,3.379999999999999893e+00,3.728000000000000203e+00
-2.754999999999999810e-02,3.439999999999999947e+00,3.764000000000000234e+00
-2.750000000000000014e-02,3.399999999999999911e+00,3.736000000000000210e+00
-2.744999999999999871e-02,3.459999999999999964e+00,3.772000000000000242e+00
-2.739999999999999727e-02,3.399999999999999911e+00,3.740000000000000213e+00
-2.734999999999999931e-02,3.459999999999999964e+00,3.780000000000000249e+00
-2.729999999999999788e-02,3.399999999999999911e+00,3.744000000000000217e+00
-2.724999999999999992e-02,3.459999999999999964e+00,3.780000000000000249e+00
-2.719999999999999848e-02,3.459999999999999964e+00,3.748000000000000220e+00
-2.715000000000000052e-02,3.399999999999999911e+00,3.784000000000000252e+00
-2.709999999999999909e-02,3.399999999999999911e+00,3.808000000000000274e+00
-2.704999999999999766e-02,3.479999999999999982e+00,3.740000000000000213e+00
-2.699999999999999969e-02,3.479999999999999982e+00,3.740000000000000213e+00
-2.694999999999999826e-02,3.399999999999999911e+00,3.808000000000000274e+00
-2.690000000000000030e-02,3.459999999999999964e+00,3.756000000000000227e+00
-2.684999999999999887e-02,3.399999999999999911e+00,3.792000000000000259e+00
-2.679999999999999744e-02,3.459999999999999964e+00,3.788000000000000256e+00
-2.674999999999999947e-02,3.399999999999999911e+00,3.752000000000000224e+00
-2.669999999999999804e-02,3.459999999999999964e+00,3.788000000000000256e+00
-2.665000000000000008e-02,3.300000000000000266e+00,3.752000000000000224e+00
-2.659999999999999865e-02,3.459999999999999964e+00,3.788000000000000256e+00
-2.654999999999999721e-02,3.399999999999999911e+00,3.756000000000000227e+00
-2.649999999999999925e-02,3.399999999999999911e+00,3.756000000000000227e+00
-2.644999999999999782e-02,3.459999999999999964e+00,3.792000000000000259e+00
-2.639999999999999986e-02,3.459999999999999964e+00,3.756000000000000227e+00
-2.634999999999999842e-02,3.399999999999999911e+00,3.792000000000000259e+00
-2.629999999999999699e-02,3.459999999999999964e+00,3.756000000000000227e+00
-2.624999999999999903e-02,3.399999999999999911e+00,3.788000000000000256e+00
-2.619999999999999760e-02,3.399999999999999911e+00,3.792000000000000259e+00
-2.614999999999999963e-02,3.459999999999999964e+00,3.756000000000000227e+00
-2.609999999999999820e-02,3.399999999999999911e+00,3.752000000000000224e+00
-2.604999999999999677e-02,3.479999999999999982e+00,3.808000000000000274e+00
-2.599999999999999881e-02,3.399999999999999911e+00,3.808000000000000274e+00
-2.595000000000000084e-02,3.479999999999999982e+00,3.748000000000000220e+00
-2.589999999999999941e-02,3.459999999999999964e+00,3.792000000000000259e+00
-2.584999999999999798e-02,3.399999999999999911e+00,3.756000000000000227e+00
-2.579999999999999655e-02,3.399999999999999911e+00,3.756000000000000227e+00
-2.574999999999999858e-02,3.459999999999999964e+00,3.788000000000000256e+00
-2.570000000000000062e-02,3.399999999999999911e+00,3.756000000000000227e+00
-2.564999999999999919e-02,3.560000000000000053e+00,3.804000000000000270e+00
-2.559999999999999776e-02,3.560000000000000053e+00,3.772000000000000242e+00
-2.554999999999999979e-02,3.520000000000000018e+00,3.816000000000000281e+00
-2.549999999999999836e-02,3.600000000000000089e+00,3.816000000000000281e+00
-2.545000000000000040e-02,3.520000000000000018e+00,3.780000000000000249e+00
-2.539999999999999897e-02,3.600000000000000089e+00,3.820000000000000284e+00
-2.534999999999999754e-02,3.520000000000000018e+00,3.776000000000000245e+00
-2.529999999999999957e-02,3.600000000000000089e+00,3.828000000000000291e+00
-2.524999999999999814e-02,3.540000000000000036e+00,3.780000000000000249e+00
-2.520000000000000018e-02,3.600000000000000089e+00,3.780000000000000249e+00
-2.514999999999999875e-02,3.520000000000000018e+00,3.824000000000000288e+00
-2.509999999999999731e-02,3.600000000000000089e+00,3.824000000000000288e+00
-2.504999999999999935e-02,3.520000000000000018e+00,3.768000000000000238e+00
-2.499999999999999792e-02,3.520000000000000018e+00,3.768000000000000238e+00
-2.494999999999999996e-02,3.600000000000000089e+00,3.832000000000000295e+00
-2.489999999999999852e-02,3.600000000000000089e+00,3.784000000000000252e+00
-2.484999999999999709e-02,3.540000000000000036e+00,3.828000000000000291e+00
-2.479999999999999913e-02,3.600000000000000089e+00,3.784000000000000252e+00
-2.474999999999999770e-02,3.520000000000000018e+00,3.836000000000000298e+00
-2.469999999999999973e-02,3.600000000000000089e+00,3.820000000000000284e+00
-2.464999999999999830e-02,3.120000000000000107e+00,3.740000000000000213e+00
-2.459999999999999687e-02,3.120000000000000107e+00,3.764000000000000234e+00
-2.454999999999999891e-02,3.180000000000000160e+00,3.724000000000000199e+00
-2.449999999999999747e-02,3.160000000000000142e+00,3.756000000000000227e+00
-2.444999999999999951e-02,3.100000000000000089e+00,3.708000000000000185e+00
-2.439999999999999808e-02,3.100000000000000089e+00,3.744000000000000217e+00
-2.434999999999999665e-02,3.140000000000000124e+00,3.700000000000000178e+00
-2.429999999999999868e-02,3.100000000000000089e+00,3.732000000000000206e+00
-2.425000000000000072e-02,3.140000000000000124e+00,3.692000000000000171e+00
-2.419999999999999929e-02,3.140000000000000124e+00,3.724000000000000199e+00
-2.414999999999999786e-02,3.100000000000000089e+00,3.688000000000000167e+00
-2.409999999999999989e-02,3.140000000000000124e+00,3.724000000000000199e+00
-2.404999999999999846e-02,3.080000000000000071e+00,3.676000000000000156e+00
-2.400000000000000050e-02,3.080000000000000071e+00,3.672000000000000153e+00
-2.394999999999999907e-02,3.160000000000000142e+00,3.756000000000000227e+00
-2.389999999999999764e-02,3.140000000000000124e+00,3.720000000000000195e+00
-2.384999999999999967e-02,3.100000000000000089e+00,3.680000000000000160e+00
-2.379999999999999824e-02,3.080000000000000071e+00,3.680000000000000160e+00
-2.375000000000000028e-02,3.339999999999999858e+00,3.724000000000000199e+00
-2.369999999999999885e-02,3.320000000000000284e+00,3.700000000000000178e+00
-2.364999999999999741e-02,3.399999999999999911e+00,3.748000000000000220e+00
-2.359999999999999945e-02,3.399999999999999911e+00,3.720000000000000195e+00
-2.354999999999999802e-02,3.339999999999999858e+00,3.756000000000000227e+00
-2.350000000000000006e-02,3.379999999999999893e+00,3.728000000000000203e+00
-2.344999999999999862e-02,3.419999999999999929e+00,3.764000000000000234e+00
-2.339999999999999719e-02,3.379999999999999893e+00,3.728000000000000203e+00
-2.334999999999999923e-02,3.419999999999999929e+00,3.764000000000000234e+00
-2.329999999999999780e-02,3.419999999999999929e+00,3.736000000000000210e+00
-2.324999999999999983e-02,3.379999999999999893e+00,3.768000000000000238e+00
-2.319999999999999840e-02,3.379999999999999893e+00,3.772000000000000242e+00
-2.314999999999999697e-02,3.419999999999999929e+00,3.736000000000000210e+00
-2.309999999999999901e-02,3.379999999999999893e+00,3.780000000000000249e+00
-2.304999999999999757e-02,3.439999999999999947e+00,3.724000000000000199e+00
-2.299999999999999961e-02,3.359999999999999876e+00,3.724000000000000199e+00
-2.294999999999999818e-02,3.479999999999999982e+00,3.812000000000000277e+00
-2.289999999999999675e-02,3.379999999999999893e+00,3.780000000000000249e+00
-2.284999999999999878e-02,3.419999999999999929e+00,3.744000000000000217e+00
-2.279999999999999735e-02,3.419999999999999929e+00,3.780000000000000249e+00
-2.274999999999999939e-02,3.260000000000000231e+00,3.720000000000000195e+00
-2.269999999999999796e-02,3.379999999999999893e+00,3.780000000000000249e+00
-2.264999999999999653e-02,3.419999999999999929e+00,3.736000000000000210e+00
-2.259999999999999856e-02,3.419999999999999929e+00,3.748000000000000220e+00
-2.255000000000000060e-02,3.379999999999999893e+00,3.780000000000000249e+00
-2.249999999999999917e-02,3.379999999999999893e+00,3.784000000000000252e+00
-2.244999999999999774e-02,3.419999999999999929e+00,3.744000000000000217e+00
-2.239999999999999977e-02,3.419999999999999929e+00,3.744000000000000217e+00
-2.234999999999999834e-02,3.379999999999999893e+00,3.788000000000000256e+00
-2.230000000000000038e-02,3.379999999999999893e+00,3.780000000000000249e+00
-2.224999999999999895e-02,3.419999999999999929e+00,3.744000000000000217e+00
-2.219999999999999751e-02,3.419999999999999929e+00,3.780000000000000249e+00
-2.214999999999999608e-02,3.379999999999999893e+00,3.744000000000000217e+00
-2.209999999999999812e-02,3.379999999999999893e+00,3.748000000000000220e+00
-2.205000000000000016e-02,3.439999999999999947e+00,3.792000000000000259e+00
-2.199999999999999872e-02,3.379999999999999893e+00,3.728000000000000203e+00
-2.194999999999999729e-02,3.479999999999999982e+00,3.812000000000000277e+00
-2.189999999999999933e-02,3.419999999999999929e+00,3.752000000000000224e+00
-2.184999999999999790e-02,3.379999999999999893e+00,3.788000000000000256e+00
-2.179999999999999993e-02,3.379999999999999893e+00,3.748000000000000220e+00
-2.174999999999999850e-02,3.640000000000000124e+00,3.804000000000000270e+00
-2.169999999999999707e-02,3.600000000000000089e+00,3.772000000000000242e+00
-2.164999999999999911e-02,3.660000000000000142e+00,3.824000000000000288e+00
-2.159999999999999767e-02,3.600000000000000089e+00,3.788000000000000256e+00
-2.154999999999999971e-02,3.660000000000000142e+00,3.832000000000000295e+00
-2.149999999999999828e-02,3.640000000000000124e+00,3.796000000000000263e+00
-2.144999999999999685e-02,3.680000000000000160e+00,3.843999999999999861e+00
-2.139999999999999888e-02,3.680000000000000160e+00,3.804000000000000270e+00
-2.135000000000000092e-02,3.640000000000000124e+00,3.839999999999999858e+00
-2.129999999999999949e-02,3.640000000000000124e+00,3.808000000000000274e+00
-2.124999999999999806e-02,3.680000000000000160e+00,3.847999999999999865e+00
-2.119999999999999662e-02,3.640000000000000124e+00,3.851999999999999869e+00
-2.114999999999999866e-02,3.680000000000000160e+00,3.812000000000000277e+00
-2.110000000000000070e-02,3.640000000000000124e+00,3.855999999999999872e+00
-2.104999999999999927e-02,3.680000000000000160e+00,3.804000000000000270e+00
-2.099999999999999784e-02,3.700000000000000178e+00,3.863999999999999879e+00
-2.094999999999999640e-02,3.600000000000000089e+00,3.804000000000000270e+00
-2.089999999999999844e-02,3.640000000000000124e+00,3.812000000000000277e+00
-2.085000000000000048e-02,3.680000000000000160e+00,3.859999999999999876e+00
-2.079999999999999905e-02,3.680000000000000160e+00,3.851999999999999869e+00
-2.074999999999999761e-02,3.320000000000000284e+00,3.784000000000000252e+00
-2.069999999999999618e-02,3.339999999999999858e+00,3.808000000000000274e+00
-2.064999999999999822e-02,3.300000000000000266e+00,3.756000000000000227e+00
-2.060000000000000026e-02,3.300000000000000266e+00,3.788000000000000256e+00
-2.054999999999999882e-02,3.339999999999999858e+00,3.748000000000000220e+00
-2.049999999999999739e-02,3.320000000000000284e+00,3.776000000000000245e+00
-2.044999999999999596e-02,3.260000000000000231e+00,3.740000000000000213e+00
-2.039999999999999800e-02,3.260000000000000231e+00,3.764000000000000234e+00
-2.035000000000000003e-02,3.320000000000000284e+00,3.732000000000000206e+00
-2.029999999999999860e-02,3.260000000000000231e+00,3.764000000000000234e+00
-2.024999999999999717e-02,3.320000000000000284e+00,3.728000000000000203e+00
-2.019999999999999921e-02,3.260000000000000231e+00,3.756000000000000227e+00
-2.014999999999999777e-02,3.320000000000000284e+00,3.724000000000000199e+00
-2.009999999999999981e-02,3.320000000000000284e+00,3.760000000000000231e+00
-2.004999999999999838e-02,3.240000000000000213e+00,3.708000000000000185e+00
-1.999999999999999695e-02,3.320000000000000284e+00,3.772000000000000242e+00
-1.994999999999999898e-02,3.240000000000000213e+00,3.704000000000000181e+00
-1.989999999999999755e-02,3.260000000000000231e+00,3.724000000000000199e+00
-1.984999999999999959e-02,3.320000000000000284e+00,3.752000000000000224e+00
-1.979999999999999816e-02,3.260000000000000231e+00,3.720000000000000195e+00
-1.974999999999999672e-02,3.419999999999999929e+00,3.764000000000000234e+00
-1.969999999999999876e-02,3.379999999999999893e+00,3.736000000000000210e+00
-1.965000000000000080e-02,3.419999999999999929e+00,3.772000000000000242e+00
-1.959999999999999937e-02,3.379999999999999893e+00,3.736000000000000210e+00
-1.954999999999999793e-02,3.419999999999999929e+00,3.772000000000000242e+00
-1.949999999999999650e-02,3.379999999999999893e+00,3.744000000000000217e+00
-1.944999999999999854e-02,3.419999999999999929e+00,3.784000000000000252e+00
-1.940000000000000058e-02,3.379999999999999893e+00,3.776000000000000245e+00
-1.934999999999999915e-02,3.419999999999999929e+00,3.744000000000000217e+00
-1.929999999999999771e-02,3.379999999999999893e+00,3.744000000000000217e+00
-1.924999999999999628e-02,3.439999999999999947e+00,3.784000000000000252e+00
-1.919999999999999832e-02,3.379999999999999893e+00,3.748000000000000220e+00
-1.915000000000000036e-02,3.439999999999999947e+00,3.784000000000000252e+00
-1.909999999999999892e-02,3.379999999999999893e+00,3.792000000000000259e+00
-1.904999999999999749e-02,3.439999999999999947e+00,3.740000000000000213e+00
-1.899999999999999606e-02,3.359999999999999876e+00,3.804000000000000270e+00
-1.894999999999999810e-02,3.459999999999999964e+00,3.724000000000000199e+00
-1.890000000000000013e-02,3.419999999999999929e+00,3.784000000000000252e+00
-1.884999999999999870e-02,3.379999999999999893e+00,3.748000000000000220e+00
-1.879999999999999727e-02,3.439999999999999947e+00,3.740000000000000213e+00
-1.874999999999999584e-02,3.160000000000000142e+00,3.784000000000000252e+00
-1.869999999999999787e-02,3.300000000000000266e+00,3.764000000000000234e+00
-1.864999999999999991e-02,3.339999999999999858e+00,3.732000000000000206e+00
-1.859999999999999848e-02,3.300000000000000266e+00,3.764000000000000234e+00
-1.854999999999999705e-02,3.339999999999999858e+00,3.728000000000000203e+00
-1.849999999999999908e-02,3.260000000000000231e+00,3.724000000000000199e+00
-1.844999999999999765e-02,3.339999999999999858e+00,3.760000000000000231e+00
-1.839999999999999969e-02,3.260000000000000231e+00,3.756000000000000227e+00
-1.834999999999999826e-02,3.339999999999999858e+00,3.720000000000000195e+00
-1.829999999999999682e-02,3.320000000000000284e+00,3.756000000000000227e+00
-1.824999999999999886e-02,3.260000000000000231e+00,3.724000000000000199e+00
-1.820000000000000090e-02,3.320000000000000284e+00,3.724000000000000199e+00
-1.814999999999999947e-02,3.260000000000000231e+00,3.760000000000000231e+00
-1.809999999999999803e-02,3.260000000000000231e+00,3.716000000000000192e+00
-1.804999999999999660e-02,3.339999999999999858e+00,3.768000000000000238e+00
-1.799999999999999864e-02,3.260000000000000231e+00,3.708000000000000185e+00
-1.795000000000000068e-02,3.339999999999999858e+00,3.776000000000000245e+00
-1.789999999999999925e-02,3.260000000000000231e+00,3.720000000000000195e+00
-1.784999999999999781e-02,3.339999999999999858e+00,3.764000000000000234e+00
-1.779999999999999638e-02,3.300000000000000266e+00,3.728000000000000203e+00
-1.774999999999999842e-02,3.459999999999999964e+00,3.776000000000000245e+00
-1.770000000000000046e-02,3.399999999999999911e+00,3.736000000000000210e+00
-1.764999999999999902e-02,3.459999999999999964e+00,3.776000000000000245e+00
-1.759999999999999759e-02,3.399999999999999911e+00,3.740000000000000213e+00
-1.754999999999999616e-02,3.459999999999999964e+00,3.784000000000000252e+00
-1.749999999999999820e-02,3.399999999999999911e+00,3.744000000000000217e+00
-1.745000000000000023e-02,3.459999999999999964e+00,3.788000000000000256e+00
-1.739999999999999880e-02,3.399999999999999911e+00,3.748000000000000220e+00
-1.734999999999999737e-02,3.459999999999999964e+00,3.788000000000000256e+00
-1.729999999999999594e-02,3.459999999999999964e+00,3.748000000000000220e+00
-1.724999999999999797e-02,3.399999999999999911e+00,3.788000000000000256e+00
-1.720000000000000001e-02,3.399999999999999911e+00,3.792000000000000259e+00
-1.714999999999999858e-02,3.459999999999999964e+00,3.752000000000000224e+00
-1.709999999999999715e-02,3.399999999999999911e+00,3.792000000000000259e+00
-1.704999999999999571e-02,3.459999999999999964e+00,3.736000000000000210e+00
-1.699999999999999775e-02,3.479999999999999982e+00,3.800000000000000266e+00
-1.694999999999999979e-02,3.399999999999999911e+00,3.736000000000000210e+00
-1.689999999999999836e-02,3.459999999999999964e+00,3.792000000000000259e+00
-1.684999999999999692e-02,3.180000000000000160e+00,3.748000000000000220e+00
-1.679999999999999896e-02,3.260000000000000231e+00,3.780000000000000249e+00
-1.674999999999999753e-02,3.339999999999999858e+00,3.740000000000000213e+00
-1.669999999999999957e-02,3.300000000000000266e+00,3.768000000000000238e+00
-1.664999999999999813e-02,3.339999999999999858e+00,3.736000000000000210e+00
-1.659999999999999670e-02,3.339999999999999858e+00,3.764000000000000234e+00
-1.654999999999999874e-02,3.260000000000000231e+00,3.728000000000000203e+00
-1.650000000000000078e-02,3.339999999999999858e+00,3.764000000000000234e+00
-1.644999999999999934e-02,3.260000000000000231e+00,3.724000000000000199e+00
-1.639999999999999791e-02,3.320000000000000284e+00,3.760000000000000231e+00
-1.634999999999999648e-02,3.260000000000000231e+00,3.728000000000000203e+00
-1.629999999999999852e-02,3.320000000000000284e+00,3.760000000000000231e+00
-1.625000000000000056e-02,3.260000000000000231e+00,3.724000000000000199e+00
-1.619999999999999912e-02,3.260000000000000231e+00,3.724000000000000199e+00
-1.614999999999999769e-02,3.320000000000000284e+00,3.756000000000000227e+00
-1.609999999999999626e-02,3.260000000000000231e+00,3.724000000000000199e+00
-1.604999999999999830e-02,3.339999999999999858e+00,3.772000000000000242e+00
-1.600000000000000033e-02,3.240000000000000213e+00,3.704000000000000181e+00
-1.594999999999999890e-02,3.320000000000000284e+00,3.760000000000000231e+00
-1.589999999999999747e-02,3.260000000000000231e+00,3.712000000000000188e+00
-1.584999999999999604e-02,3.540000000000000036e+00,3.776000000000000245e+00
-1.579999999999999807e-02,3.500000000000000000e+00,3.748000000000000220e+00
-1.575000000000000011e-02,3.560000000000000053e+00,3.792000000000000259e+00
-1.569999999999999868e-02,3.520000000000000018e+00,3.768000000000000238e+00
-1.564999999999999725e-02,3.560000000000000053e+00,3.804000000000000270e+00
-1.559999999999999755e-02,3.520000000000000018e+00,3.772000000000000242e+00
-1.554999999999999785e-02,3.560000000000000053e+00,3.812000000000000277e+00
-1.549999999999999815e-02,3.600000000000000089e+00,3.816000000000000281e+00
-1.544999999999999846e-02,3.520000000000000018e+00,3.780000000000000249e+00
-1.539999999999999876e-02,3.540000000000000036e+00,3.820000000000000284e+00
-1.534999999999999733e-02,3.600000000000000089e+00,3.780000000000000249e+00
-1.529999999999999763e-02,3.540000000000000036e+00,3.788000000000000256e+00
-1.524999999999999793e-02,3.600000000000000089e+00,3.824000000000000288e+00
-1.519999999999999823e-02,3.600000000000000089e+00,3.824000000000000288e+00
-1.514999999999999854e-02,3.520000000000000018e+00,3.780000000000000249e+00
-1.509999999999999884e-02,3.600000000000000089e+00,3.788000000000000256e+00
-1.504999999999999741e-02,3.520000000000000018e+00,3.824000000000000288e+00
-1.499999999999999771e-02,3.520000000000000018e+00,3.839999999999999858e+00
-1.494999999999999801e-02,3.600000000000000089e+00,3.776000000000000245e+00
-1.489999999999999832e-02,3.600000000000000089e+00,3.824000000000000288e+00
-1.484999999999999862e-02,3.439999999999999947e+00,3.784000000000000252e+00
-1.479999999999999892e-02,3.600000000000000089e+00,3.788000000000000256e+00
-1.474999999999999749e-02,3.540000000000000036e+00,3.824000000000000288e+00
-1.469999999999999779e-02,3.540000000000000036e+00,3.796000000000000263e+00
-1.464999999999999809e-02,3.600000000000000089e+00,3.828000000000000291e+00
-1.459999999999999840e-02,3.600000000000000089e+00,3.796000000000000263e+00
-1.454999999999999870e-02,3.540000000000000036e+00,3.832000000000000295e+00
-1.449999999999999900e-02,3.600000000000000089e+00,3.836000000000000298e+00
-1.444999999999999757e-02,3.540000000000000036e+00,3.788000000000000256e+00
-1.439999999999999787e-02,3.600000000000000089e+00,3.828000000000000291e+00
-1.434999999999999817e-02,3.540000000000000036e+00,3.792000000000000259e+00
-1.429999999999999674e-02,3.540000000000000036e+00,3.792000000000000259e+00
-1.424999999999999878e-02,3.600000000000000089e+00,3.828000000000000291e+00
-1.419999999999999735e-02,3.600000000000000089e+00,3.824000000000000288e+00
-1.414999999999999938e-02,3.540000000000000036e+00,3.788000000000000256e+00
-1.409999999999999795e-02,3.600000000000000089e+00,3.832000000000000295e+00
-1.404999999999999652e-02,3.520000000000000018e+00,3.784000000000000252e+00
-1.399999999999999856e-02,3.520000000000000018e+00,3.780000000000000249e+00
-1.394999999999999712e-02,3.620000000000000107e+00,3.863999999999999879e+00
-1.389999999999999916e-02,3.520000000000000018e+00,3.792000000000000259e+00
-1.384999999999999773e-02,3.879999999999999893e+00,3.855999999999999872e+00
-1.379999999999999977e-02,3.820000000000000284e+00,3.824000000000000288e+00
-1.374999999999999833e-02,3.919999999999999929e+00,3.867999999999999883e+00
-1.369999999999999690e-02,3.939999999999999947e+00,3.832000000000000295e+00
-1.364999999999999894e-02,3.859999999999999876e+00,3.879999999999999893e+00
-1.359999999999999751e-02,3.879999999999999893e+00,3.847999999999999865e+00
-1.354999999999999954e-02,3.959999999999999964e+00,3.883999999999999897e+00
-1.349999999999999811e-02,3.919999999999999929e+00,3.851999999999999869e+00
-1.344999999999999668e-02,3.979999999999999982e+00,3.887999999999999901e+00
-1.339999999999999872e-02,3.919999999999999929e+00,3.851999999999999869e+00
-1.334999999999999729e-02,4.000000000000000000e+00,3.891999999999999904e+00
-1.329999999999999932e-02,3.919999999999999929e+00,3.855999999999999872e+00
-1.324999999999999789e-02,4.000000000000000000e+00,3.895999999999999908e+00
-1.319999999999999646e-02,3.939999999999999947e+00,3.855999999999999872e+00
-1.314999999999999850e-02,4.020000000000000462e+00,3.895999999999999908e+00
-1.309999999999999706e-02,4.020000000000000462e+00,3.851999999999999869e+00
-1.304999999999999910e-02,3.939999999999999947e+00,3.911999999999999922e+00
-1.299999999999999767e-02,3.939999999999999947e+00,3.907999999999999918e+00
-1.294999999999999971e-02,4.020000000000000462e+00,3.828000000000000291e+00
-1.289999999999999827e-02,4.020000000000000462e+00,3.899999999999999911e+00
-1.284999999999999684e-02,3.180000000000000160e+00,3.788000000000000256e+00
-1.279999999999999888e-02,3.220000000000000195e+00,3.812000000000000277e+00
-1.274999999999999745e-02,3.160000000000000142e+00,3.756000000000000227e+00
-1.269999999999999948e-02,3.200000000000000178e+00,3.780000000000000249e+00
-1.264999999999999805e-02,3.120000000000000107e+00,3.736000000000000210e+00
-1.259999999999999662e-02,3.120000000000000107e+00,3.764000000000000234e+00
-1.254999999999999866e-02,3.160000000000000142e+00,3.724000000000000199e+00
-1.249999999999999722e-02,3.180000000000000160e+00,3.748000000000000220e+00
-1.244999999999999926e-02,3.100000000000000089e+00,3.704000000000000181e+00
-1.239999999999999783e-02,3.100000000000000089e+00,3.740000000000000213e+00
-1.234999999999999640e-02,3.140000000000000124e+00,3.700000000000000178e+00
-1.229999999999999843e-02,3.100000000000000089e+00,3.732000000000000206e+00
-1.224999999999999700e-02,3.140000000000000124e+00,3.696000000000000174e+00
-1.219999999999999904e-02,3.140000000000000124e+00,3.688000000000000167e+00
-1.214999999999999761e-02,3.100000000000000089e+00,3.720000000000000195e+00
-1.209999999999999964e-02,3.140000000000000124e+00,3.736000000000000210e+00
-1.204999999999999821e-02,3.100000000000000089e+00,3.680000000000000160e+00
-1.199999999999999678e-02,3.040000000000000036e+00,3.728000000000000203e+00
-1.194999999999999882e-02,3.140000000000000124e+00,3.648000000000000131e+00
-1.189999999999999739e-02,3.100000000000000089e+00,3.688000000000000167e+00
-1.184999999999999942e-02,3.280000000000000249e+00,3.732000000000000206e+00
-1.179999999999999799e-02,3.240000000000000213e+00,3.700000000000000178e+00
-1.174999999999999656e-02,3.280000000000000249e+00,3.736000000000000210e+00
-1.169999999999999860e-02,3.240000000000000213e+00,3.708000000000000185e+00
-1.164999999999999716e-02,3.280000000000000249e+00,3.744000000000000217e+00
-1.159999999999999920e-02,3.280000000000000249e+00,3.704000000000000181e+00
-1.154999999999999777e-02,3.240000000000000213e+00,3.744000000000000217e+00
-1.149999999999999634e-02,3.280000000000000249e+00,3.748000000000000220e+00
-1.144999999999999837e-02,3.240000000000000213e+00,3.716000000000000192e+00
-1.139999999999999694e-02,3.300000000000000266e+00,3.748000000000000220e+00
-1.134999999999999898e-02,3.240000000000000213e+00,3.712000000000000188e+00
-1.129999999999999755e-02,3.260000000000000231e+00,3.752000000000000224e+00
-1.124999999999999958e-02,3.300000000000000266e+00,3.712000000000000188e+00
-1.119999999999999815e-02,3.260000000000000231e+00,3.716000000000000192e+00
-1.114999999999999672e-02,3.300000000000000266e+00,3.752000000000000224e+00
-1.109999999999999876e-02,3.300000000000000266e+00,3.764000000000000234e+00
-1.104999999999999732e-02,3.240000000000000213e+00,3.696000000000000174e+00
-1.099999999999999936e-02,3.320000000000000284e+00,3.696000000000000174e+00
-1.094999999999999793e-02,3.220000000000000195e+00,3.768000000000000238e+00
-1.089999999999999650e-02,3.120000000000000107e+00,3.720000000000000195e+00
-1.084999999999999853e-02,3.320000000000000284e+00,3.752000000000000224e+00
-1.079999999999999710e-02,3.300000000000000266e+00,3.752000000000000224e+00
-1.074999999999999914e-02,3.240000000000000213e+00,3.716000000000000192e+00
-1.069999999999999771e-02,3.260000000000000231e+00,3.748000000000000220e+00
-1.064999999999999628e-02,3.300000000000000266e+00,3.716000000000000192e+00
-1.059999999999999831e-02,3.260000000000000231e+00,3.752000000000000224e+00
-1.054999999999999688e-02,3.320000000000000284e+00,3.720000000000000195e+00
-1.049999999999999892e-02,3.240000000000000213e+00,3.720000000000000195e+00
-1.044999999999999749e-02,3.300000000000000266e+00,3.752000000000000224e+00
-1.039999999999999952e-02,3.260000000000000231e+00,3.720000000000000195e+00
-1.034999999999999809e-02,3.320000000000000284e+00,3.756000000000000227e+00
-1.029999999999999666e-02,3.260000000000000231e+00,3.716000000000000192e+00
-1.024999999999999870e-02,3.320000000000000284e+00,3.752000000000000224e+00
-1.019999999999999726e-02,3.260000000000000231e+00,3.716000000000000192e+00
-1.014999999999999930e-02,3.320000000000000284e+00,3.752000000000000224e+00
-1.009999999999999787e-02,3.240000000000000213e+00,3.748000000000000220e+00
-1.004999999999999644e-02,3.300000000000000266e+00,3.708000000000000185e+00
-9.999999999999998473e-03,3.240000000000000213e+00,3.704000000000000181e+00
-9.949999999999997041e-03,3.520000000000000018e+00,3.776000000000000245e+00
-9.899999999999999079e-03,3.479999999999999982e+00,3.744000000000000217e+00
-9.849999999999997646e-03,3.540000000000000036e+00,3.788000000000000256e+00
-9.799999999999996214e-03,3.500000000000000000e+00,3.760000000000000231e+00
-9.749999999999998251e-03,3.540000000000000036e+00,3.800000000000000266e+00
-9.699999999999996819e-03,3.500000000000000000e+00,3.800000000000000266e+00
-9.649999999999998856e-03,3.560000000000000053e+00,3.768000000000000238e+00
-9.599999999999997424e-03,3.500000000000000000e+00,3.768000000000000238e+00
-9.549999999999999462e-03,3.560000000000000053e+00,3.812000000000000277e+00
-9.499999999999998029e-03,3.520000000000000018e+00,3.776000000000000245e+00
-9.449999999999996597e-03,3.560000000000000053e+00,3.812000000000000277e+00
-9.399999999999998634e-03,3.520000000000000018e+00,3.780000000000000249e+00
-9.349999999999997202e-03,3.560000000000000053e+00,3.816000000000000281e+00
-9.299999999999999239e-03,3.560000000000000053e+00,3.816000000000000281e+00
-9.249999999999997807e-03,3.520000000000000018e+00,3.780000000000000249e+00
-9.199999999999996375e-03,3.520000000000000018e+00,3.820000000000000284e+00
-9.149999999999998412e-03,3.560000000000000053e+00,3.780000000000000249e+00
-9.099999999999996980e-03,3.520000000000000018e+00,3.824000000000000288e+00
-9.049999999999999017e-03,3.560000000000000053e+00,3.768000000000000238e+00
-8.999999999999997585e-03,3.620000000000000107e+00,3.760000000000000231e+00
-8.949999999999996153e-03,3.300000000000000266e+00,3.859999999999999876e+00
-8.899999999999998190e-03,3.300000000000000266e+00,3.796000000000000263e+00
-8.849999999999996758e-03,3.339999999999999858e+00,3.752000000000000224e+00
-8.799999999999998795e-03,3.320000000000000284e+00,3.780000000000000249e+00
-8.749999999999997363e-03,3.260000000000000231e+00,3.740000000000000213e+00
-8.699999999999999400e-03,3.260000000000000231e+00,3.736000000000000210e+00
-8.649999999999997968e-03,3.320000000000000284e+00,3.776000000000000245e+00
-8.599999999999996536e-03,3.260000000000000231e+00,3.764000000000000234e+00
-8.549999999999998573e-03,3.320000000000000284e+00,3.732000000000000206e+00
-8.499999999999997141e-03,3.320000000000000284e+00,3.760000000000000231e+00
-8.449999999999999178e-03,3.260000000000000231e+00,3.728000000000000203e+00
-8.399999999999997746e-03,3.260000000000000231e+00,3.756000000000000227e+00
-8.349999999999996314e-03,3.320000000000000284e+00,3.724000000000000199e+00
-8.299999999999998351e-03,3.260000000000000231e+00,3.760000000000000231e+00
-8.249999999999996919e-03,3.320000000000000284e+00,3.724000000000000199e+00
-8.199999999999998956e-03,3.260000000000000231e+00,3.760000000000000231e+00
-8.149999999999997524e-03,3.320000000000000284e+00,3.724000000000000199e+00
-8.099999999999999561e-03,3.320000000000000284e+00,3.756000000000000227e+00
-8.049999999999998129e-03,3.240000000000000213e+00,3.708000000000000185e+00
-7.999999999999996697e-03,3.220000000000000195e+00,3.780000000000000249e+00
-7.949999999999998734e-03,3.419999999999999929e+00,3.696000000000000174e+00
-7.899999999999997302e-03,3.419999999999999929e+00,3.736000000000000210e+00
-7.849999999999999339e-03,3.379999999999999893e+00,3.772000000000000242e+00
-7.799999999999997907e-03,3.379999999999999893e+00,3.748000000000000220e+00
-7.749999999999996475e-03,3.419999999999999929e+00,3.776000000000000245e+00
-7.699999999999998512e-03,3.419999999999999929e+00,3.748000000000000220e+00
-7.649999999999997080e-03,3.379999999999999893e+00,3.784000000000000252e+00
-7.599999999999999117e-03,3.419999999999999929e+00,3.744000000000000217e+00
-7.549999999999997685e-03,3.379999999999999893e+00,3.784000000000000252e+00
-7.499999999999996253e-03,3.419999999999999929e+00,3.784000000000000252e+00
-7.449999999999998290e-03,3.379999999999999893e+00,3.748000000000000220e+00
-7.399999999999996858e-03,3.379999999999999893e+00,3.748000000000000220e+00
-7.349999999999998895e-03,3.439999999999999947e+00,3.784000000000000252e+00
-7.299999999999997463e-03,3.379999999999999893e+00,3.752000000000000224e+00
-7.249999999999999500e-03,3.439999999999999947e+00,3.784000000000000252e+00
-7.199999999999998068e-03,3.439999999999999947e+00,3.788000000000000256e+00
-7.149999999999996636e-03,3.379999999999999893e+00,3.752000000000000224e+00
-7.099999999999998673e-03,3.379999999999999893e+00,3.744000000000000217e+00
-7.049999999999997241e-03,3.439999999999999947e+00,3.792000000000000259e+00
-6.999999999999999278e-03,3.459999999999999964e+00,3.800000000000000266e+00
-6.949999999999997846e-03,3.300000000000000266e+00,3.736000000000000210e+00
-6.899999999999996414e-03,3.459999999999999964e+00,3.788000000000000256e+00
-6.849999999999998451e-03,3.399999999999999911e+00,3.756000000000000227e+00
-6.799999999999997019e-03,3.399999999999999911e+00,3.752000000000000224e+00
-6.749999999999999056e-03,3.459999999999999964e+00,3.792000000000000259e+00
-6.699999999999997624e-03,3.399999999999999911e+00,3.788000000000000256e+00
-6.649999999999996192e-03,3.459999999999999964e+00,3.756000000000000227e+00
-6.599999999999998229e-03,3.399999999999999911e+00,3.752000000000000224e+00
-6.549999999999996797e-03,3.459999999999999964e+00,3.788000000000000256e+00
-6.499999999999998834e-03,3.399999999999999911e+00,3.752000000000000224e+00
-6.449999999999997402e-03,3.459999999999999964e+00,3.788000000000000256e+00
-6.399999999999999439e-03,3.399999999999999911e+00,3.756000000000000227e+00
-6.349999999999998007e-03,3.459999999999999964e+00,3.792000000000000259e+00
-6.299999999999996575e-03,3.459999999999999964e+00,3.760000000000000231e+00
-6.249999999999998612e-03,3.399999999999999911e+00,3.792000000000000259e+00
-6.199999999999997180e-03,3.399999999999999911e+00,3.788000000000000256e+00
-6.149999999999999217e-03,3.459999999999999964e+00,3.756000000000000227e+00
-6.099999999999997785e-03,3.399999999999999911e+00,3.752000000000000224e+00
-6.049999999999996353e-03,3.479999999999999982e+00,3.800000000000000266e+00
-5.999999999999998390e-03,3.379999999999999893e+00,3.736000000000000210e+00
-5.949999999999996958e-03,3.560000000000000053e+00,3.808000000000000274e+00
-5.899999999999998995e-03,3.520000000000000018e+00,3.772000000000000242e+00
-5.849999999999997563e-03,3.560000000000000053e+00,3.808000000000000274e+00
-5.799999999999996131e-03,3.560000000000000053e+00,3.780000000000000249e+00
-5.749999999999998168e-03,3.520000000000000018e+00,3.816000000000000281e+00
-5.699999999999996736e-03,3.520000000000000018e+00,3.784000000000000252e+00
-5.649999999999998773e-03,3.600000000000000089e+00,3.820000000000000284e+00
-5.599999999999997341e-03,3.580000000000000071e+00,3.820000000000000284e+00
-5.549999999999999378e-03,3.520000000000000018e+00,3.780000000000000249e+00
-5.499999999999997946e-03,3.600000000000000089e+00,3.820000000000000284e+00
-5.449999999999996514e-03,3.540000000000000036e+00,3.784000000000000252e+00
-5.399999999999998551e-03,3.540000000000000036e+00,3.784000000000000252e+00
-5.349999999999997119e-03,3.600000000000000089e+00,3.824000000000000288e+00
-5.299999999999999156e-03,3.600000000000000089e+00,3.788000000000000256e+00
-5.249999999999997724e-03,3.540000000000000036e+00,3.824000000000000288e+00
-5.199999999999996292e-03,3.600000000000000089e+00,3.828000000000000291e+00
-5.149999999999998329e-03,3.540000000000000036e+00,3.788000000000000256e+00
-5.099999999999996897e-03,3.600000000000000089e+00,3.824000000000000288e+00
-5.049999999999998934e-03,3.520000000000000018e+00,3.768000000000000238e+00
-4.999999999999997502e-03,3.580000000000000071e+00,3.836000000000000298e+00
-4.949999999999996070e-03,3.160000000000000142e+00,3.744000000000000217e+00
-4.899999999999998107e-03,3.200000000000000178e+00,3.768000000000000238e+00
-4.849999999999996675e-03,3.160000000000000142e+00,3.732000000000000206e+00
-4.799999999999998712e-03,3.200000000000000178e+00,3.756000000000000227e+00
-4.749999999999997280e-03,3.120000000000000107e+00,3.712000000000000188e+00
-4.699999999999999317e-03,3.160000000000000142e+00,3.744000000000000217e+00
-4.649999999999997885e-03,3.120000000000000107e+00,3.704000000000000181e+00
-4.599999999999996453e-03,3.120000000000000107e+00,3.740000000000000213e+00
-4.549999999999998490e-03,3.180000000000000160e+00,3.700000000000000178e+00
-4.499999999999997058e-03,3.120000000000000107e+00,3.728000000000000203e+00
-4.449999999999999095e-03,3.180000000000000160e+00,3.696000000000000174e+00
-4.399999999999997663e-03,3.120000000000000107e+00,3.692000000000000171e+00
-4.349999999999996231e-03,3.180000000000000160e+00,3.728000000000000203e+00
-4.299999999999998268e-03,3.120000000000000107e+00,3.724000000000000199e+00
-4.249999999999996836e-03,3.180000000000000160e+00,3.692000000000000171e+00
-4.199999999999998873e-03,3.160000000000000142e+00,3.724000000000000199e+00
-4.149999999999997441e-03,3.120000000000000107e+00,3.692000000000000171e+00
-4.099999999999996009e-03,3.100000000000000089e+00,3.740000000000000213e+00
-4.049999999999998046e-03,3.260000000000000231e+00,3.684000000000000163e+00
-3.999999999999996614e-03,3.180000000000000160e+00,3.676000000000000156e+00
-3.949999999999998651e-03,3.540000000000000036e+00,3.768000000000000238e+00
-3.899999999999997219e-03,3.500000000000000000e+00,3.740000000000000213e+00
-3.849999999999999256e-03,3.560000000000000053e+00,3.788000000000000256e+00
-3.799999999999997824e-03,3.520000000000000018e+00,3.764000000000000234e+00
-3.749999999999996392e-03,3.560000000000000053e+00,3.796000000000000263e+00
-3.699999999999998429e-03,3.520000000000000018e+00,3.772000000000000242e+00
-3.649999999999996997e-03,3.560000000000000053e+00,3.804000000000000270e+00
-3.599999999999999034e-03,3.560000000000000053e+00,3.776000000000000245e+00
-3.549999999999997602e-03,3.520000000000000018e+00,3.816000000000000281e+00
-3.499999999999996170e-03,3.520000000000000018e+00,3.780000000000000249e+00
-3.449999999999998207e-03,3.580000000000000071e+00,3.816000000000000281e+00
-3.399999999999996775e-03,3.540000000000000036e+00,3.784000000000000252e+00
-3.349999999999998812e-03,3.600000000000000089e+00,3.820000000000000284e+00
-3.299999999999997380e-03,3.520000000000000018e+00,3.784000000000000252e+00
-3.249999999999995948e-03,3.600000000000000089e+00,3.816000000000000281e+00
-3.199999999999997985e-03,3.600000000000000089e+00,3.820000000000000284e+00
-3.149999999999996553e-03,3.540000000000000036e+00,3.788000000000000256e+00
-3.099999999999998590e-03,3.600000000000000089e+00,3.772000000000000242e+00
-3.049999999999997158e-03,3.439999999999999947e+00,3.832000000000000295e+00
-2.999999999999999195e-03,3.520000000000000018e+00,3.839999999999999858e+00
-2.949999999999997763e-03,3.600000000000000089e+00,3.772000000000000242e+00
-2.899999999999996331e-03,3.600000000000000089e+00,3.788000000000000256e+00
-2.849999999999998368e-03,3.540000000000000036e+00,3.828000000000000291e+00
-2.799999999999996936e-03,3.600000000000000089e+00,3.788000000000000256e+00
-2.749999999999998973e-03,3.540000000000000036e+00,3.824000000000000288e+00
-2.699999999999997541e-03,3.600000000000000089e+00,3.828000000000000291e+00
-2.649999999999996109e-03,3.540000000000000036e+00,3.792000000000000259e+00
-2.599999999999998146e-03,3.540000000000000036e+00,3.792000000000000259e+00
-2.549999999999996714e-03,3.600000000000000089e+00,3.828000000000000291e+00
-2.499999999999998751e-03,3.600000000000000089e+00,3.828000000000000291e+00
-2.449999999999997319e-03,3.540000000000000036e+00,3.784000000000000252e+00
-2.399999999999995887e-03,3.600000000000000089e+00,3.788000000000000256e+00
-2.349999999999997924e-03,3.540000000000000036e+00,3.824000000000000288e+00
-2.299999999999996492e-03,3.600000000000000089e+00,3.788000000000000256e+00
-2.249999999999998529e-03,3.540000000000000036e+00,3.828000000000000291e+00
-2.199999999999997097e-03,3.600000000000000089e+00,3.824000000000000288e+00
-2.149999999999999134e-03,3.540000000000000036e+00,3.788000000000000256e+00
-2.099999999999997702e-03,3.540000000000000036e+00,3.792000000000000259e+00
-2.049999999999996270e-03,3.700000000000000178e+00,3.839999999999999858e+00
-1.999999999999998307e-03,3.640000000000000124e+00,3.851999999999999869e+00
-1.949999999999996875e-03,3.700000000000000178e+00,3.792000000000000259e+00
-1.899999999999998912e-03,3.660000000000000142e+00,3.808000000000000274e+00
-1.849999999999997480e-03,3.700000000000000178e+00,3.843999999999999861e+00
-1.799999999999996048e-03,3.700000000000000178e+00,3.812000000000000277e+00
-1.749999999999998085e-03,3.660000000000000142e+00,3.855999999999999872e+00
-1.699999999999996653e-03,3.660000000000000142e+00,3.855999999999999872e+00
-1.649999999999998690e-03,3.700000000000000178e+00,3.820000000000000284e+00
-1.599999999999997258e-03,3.700000000000000178e+00,3.820000000000000284e+00
-1.549999999999995826e-03,3.660000000000000142e+00,3.863999999999999879e+00
-1.499999999999997863e-03,3.700000000000000178e+00,3.859999999999999876e+00
-1.449999999999996431e-03,3.660000000000000142e+00,3.820000000000000284e+00
-1.399999999999998468e-03,3.700000000000000178e+00,3.820000000000000284e+00
-1.349999999999997036e-03,3.660000000000000142e+00,3.855999999999999872e+00
-1.299999999999999073e-03,3.660000000000000142e+00,3.816000000000000281e+00
-1.249999999999997641e-03,3.700000000000000178e+00,3.863999999999999879e+00
-1.199999999999996209e-03,3.660000000000000142e+00,3.859999999999999876e+00
-1.149999999999998246e-03,3.700000000000000178e+00,3.824000000000000288e+00
-1.099999999999996814e-03,3.740000000000000213e+00,3.863999999999999879e+00
-1.049999999999998851e-03,3.300000000000000266e+00,3.768000000000000238e+00
-9.999999999999974187e-04,3.280000000000000249e+00,3.760000000000000231e+00
-9.499999999999959865e-04,3.399999999999999911e+00,3.847999999999999865e+00
-8.999999999999980238e-04,3.339999999999999858e+00,3.792000000000000259e+00
-8.499999999999965916e-04,3.260000000000000231e+00,3.748000000000000220e+00
-7.999999999999986289e-04,3.320000000000000284e+00,3.776000000000000245e+00
-7.499999999999971967e-04,3.260000000000000231e+00,3.736000000000000210e+00
-6.999999999999957645e-04,3.320000000000000284e+00,3.764000000000000234e+00
-6.499999999999978018e-04,3.260000000000000231e+00,3.732000000000000206e+00
-5.999999999999963696e-04,3.320000000000000284e+00,3.756000000000000227e+00
-5.499999999999984068e-04,3.260000000000000231e+00,3.728000000000000203e+00
-4.999999999999969746e-04,3.260000000000000231e+00,3.756000000000000227e+00
-4.499999999999990119e-04,3.320000000000000284e+00,3.724000000000000199e+00
-3.999999999999975797e-04,3.240000000000000213e+00,3.748000000000000220e+00
-3.499999999999961475e-04,3.300000000000000266e+00,3.716000000000000192e+00
-2.999999999999981848e-04,3.280000000000000249e+00,3.716000000000000192e+00
-2.499999999999967526e-04,3.240000000000000213e+00,3.748000000000000220e+00
-1.999999999999987899e-04,3.280000000000000249e+00,3.744000000000000217e+00
-1.499999999999973577e-04,3.240000000000000213e+00,3.716000000000000192e+00
-9.999999999999592548e-05,3.240000000000000213e+00,3.716000000000000192e+00
-4.999999999999796274e-05,3.419999999999999929e+00,3.768000000000000238e+00
3.469446951953614189e-18,3.359999999999999876e+00,3.724000000000000199e+00
5.000000000000143219e-05,3.419999999999999929e+00,3.776000000000000245e+00
1.000000000000028644e-04,3.419999999999999929e+00,3.768000000000000238e+00
1.500000000000008271e-04,3.379999999999999893e+00,3.732000000000000206e+00
2.000000000000022593e-04,3.419999999999999929e+00,3.780000000000000249e+00
2.500000000000036915e-04,3.379999999999999893e+00,3.732000000000000206e+00
3.000000000000016542e-04,3.419999999999999929e+00,3.772000000000000242e+00
3.500000000000030864e-04,3.379999999999999893e+00,3.740000000000000213e+00
4.000000000000010492e-04,3.379999999999999893e+00,3.744000000000000217e+00
4.500000000000024813e-04,3.419999999999999929e+00,3.776000000000000245e+00
5.000000000000039135e-04,3.379999999999999893e+00,3.744000000000000217e+00
5.500000000000018763e-04,3.419999999999999929e+00,3.780000000000000249e+00
6.000000000000033085e-04,3.419999999999999929e+00,3.744000000000000217e+00
6.500000000000012712e-04,3.379999999999999893e+00,3.784000000000000252e+00
7.000000000000027034e-04,3.419999999999999929e+00,3.780000000000000249e+00
7.500000000000041356e-04,3.379999999999999893e+00,3.748000000000000220e+00
8.000000000000020983e-04,3.419999999999999929e+00,3.784000000000000252e+00
8.500000000000035305e-04,3.379999999999999893e+00,3.744000000000000217e+00
9.000000000000014932e-04,3.419999999999999929e+00,3.724000000000000199e+00
9.500000000000029254e-04,3.260000000000000231e+00,3.780000000000000249e+00
1.000000000000000888e-03,3.240000000000000213e+00,3.712000000000000188e+00
1.050000000000002320e-03,3.320000000000000284e+00,3.776000000000000245e+00
1.100000000000003753e-03,3.260000000000000231e+00,3.760000000000000231e+00
1.150000000000001715e-03,3.320000000000000284e+00,3.724000000000000199e+00
1.200000000000003147e-03,3.260000000000000231e+00,3.756000000000000227e+00
1.250000000000001110e-03,3.320000000000000284e+00,3.720000000000000195e+00
1.300000000000002542e-03,3.260000000000000231e+00,3.756000000000000227e+00
1.350000000000003975e-03,3.320000000000000284e+00,3.720000000000000195e+00
1.400000000000005407e-03,3.240000000000000213e+00,3.716000000000000192e+00
1.449999999999999900e-03,3.300000000000000266e+00,3.752000000000000224e+00
1.500000000000001332e-03,3.240000000000000213e+00,3.716000000000000192e+00
1.550000000000002764e-03,3.300000000000000266e+00,3.752000000000000224e+00
1.600000000000004197e-03,3.240000000000000213e+00,3.720000000000000195e+00
1.650000000000005629e-03,3.300000000000000266e+00,3.752000000000000224e+00
1.700000000000000122e-03,3.240000000000000213e+00,3.716000000000000192e+00
1.750000000000001554e-03,3.300000000000000266e+00,3.756000000000000227e+00
1.800000000000002986e-03,3.280000000000000249e+00,3.716000000000000192e+00
1.850000000000004419e-03,3.240000000000000213e+00,3.748000000000000220e+00
1.900000000000005851e-03,3.240000000000000213e+00,3.712000000000000188e+00
1.950000000000000344e-03,3.540000000000000036e+00,3.792000000000000259e+00
2.000000000000001776e-03,3.500000000000000000e+00,3.752000000000000224e+00
2.050000000000003209e-03,3.560000000000000053e+00,3.808000000000000274e+00
2.100000000000004641e-03,3.500000000000000000e+00,3.764000000000000234e+00
2.150000000000006073e-03,3.540000000000000036e+00,3.804000000000000270e+00
2.200000000000000566e-03,3.560000000000000053e+00,3.772000000000000242e+00
2.250000000000001998e-03,3.500000000000000000e+00,3.808000000000000274e+00
2.300000000000003431e-03,3.520000000000000018e+00,3.808000000000000274e+00
2.350000000000004863e-03,3.560000000000000053e+00,3.772000000000000242e+00
2.399999999999999356e-03,3.520000000000000018e+00,3.780000000000000249e+00
2.450000000000000788e-03,3.560000000000000053e+00,3.812000000000000277e+00
2.500000000000002220e-03,3.560000000000000053e+00,3.780000000000000249e+00
2.550000000000003653e-03,3.520000000000000018e+00,3.820000000000000284e+00
2.600000000000005085e-03,3.520000000000000018e+00,3.820000000000000284e+00
2.649999999999999578e-03,3.560000000000000053e+00,3.784000000000000252e+00
2.700000000000001010e-03,3.560000000000000053e+00,3.784000000000000252e+00
2.750000000000002442e-03,3.520000000000000018e+00,3.820000000000000284e+00
2.800000000000003875e-03,3.560000000000000053e+00,3.820000000000000284e+00
2.850000000000005307e-03,3.379999999999999893e+00,3.780000000000000249e+00
2.899999999999999800e-03,3.419999999999999929e+00,3.804000000000000270e+00
2.950000000000001232e-03,3.120000000000000107e+00,3.732000000000000206e+00
3.000000000000002665e-03,3.120000000000000107e+00,3.716000000000000192e+00
3.050000000000004097e-03,3.180000000000000160e+00,3.784000000000000252e+00
3.100000000000005529e-03,3.120000000000000107e+00,3.748000000000000220e+00
3.150000000000000022e-03,3.160000000000000142e+00,3.708000000000000185e+00
3.200000000000001454e-03,3.140000000000000124e+00,3.740000000000000213e+00
3.250000000000002887e-03,3.100000000000000089e+00,3.704000000000000181e+00
3.300000000000004319e-03,3.100000000000000089e+00,3.732000000000000206e+00
3.350000000000005751e-03,3.140000000000000124e+00,3.696000000000000174e+00
3.400000000000000244e-03,3.100000000000000089e+00,3.696000000000000174e+00
3.450000000000001676e-03,3.140000000000000124e+00,3.728000000000000203e+00
3.500000000000003109e-03,3.100000000000000089e+00,3.720000000000000195e+00
3.550000000000004541e-03,3.140000000000000124e+00,3.688000000000000167e+00
3.600000000000005973e-03,3.140000000000000124e+00,3.692000000000000171e+00
3.650000000000000466e-03,3.100000000000000089e+00,3.724000000000000199e+00
3.700000000000001898e-03,3.140000000000000124e+00,3.720000000000000195e+00
3.750000000000003331e-03,3.100000000000000089e+00,3.688000000000000167e+00
3.800000000000004763e-03,3.060000000000000053e+00,3.668000000000000149e+00
3.850000000000006195e-03,3.280000000000000249e+00,3.728000000000000203e+00
3.900000000000000688e-03,3.300000000000000266e+00,3.740000000000000213e+00
3.950000000000002121e-03,3.220000000000000195e+00,3.680000000000000160e+00
4.000000000000003553e-03,3.300000000000000266e+00,3.756000000000000227e+00
4.050000000000004985e-03,3.220000000000000195e+00,3.692000000000000171e+00
4.099999999999999478e-03,3.280000000000000249e+00,3.712000000000000188e+00
4.150000000000000910e-03,3.240000000000000213e+00,3.744000000000000217e+00
4.200000000000002343e-03,3.240000000000000213e+00,3.716000000000000192e+00
4.250000000000003775e-03,3.320000000000000284e+00,3.752000000000000224e+00
4.300000000000005207e-03,3.240000000000000213e+00,3.748000000000000220e+00
4.349999999999999700e-03,3.300000000000000266e+00,3.708000000000000185e+00
4.400000000000001132e-03,3.320000000000000284e+00,3.712000000000000188e+00
4.450000000000002565e-03,3.240000000000000213e+00,3.748000000000000220e+00
4.500000000000003997e-03,3.260000000000000231e+00,3.720000000000000195e+00
4.550000000000005429e-03,3.300000000000000266e+00,3.756000000000000227e+00
4.599999999999999922e-03,3.260000000000000231e+00,3.748000000000000220e+00
4.650000000000001354e-03,3.320000000000000284e+00,3.720000000000000195e+00
4.700000000000002787e-03,3.260000000000000231e+00,3.752000000000000224e+00
4.750000000000004219e-03,3.320000000000000284e+00,3.720000000000000195e+00
4.800000000000005651e-03,3.320000000000000284e+00,3.752000000000000224e+00
4.850000000000000144e-03,3.100000000000000089e+00,3.708000000000000185e+00
4.900000000000001577e-03,3.320000000000000284e+00,3.752000000000000224e+00
4.950000000000003009e-03,3.260000000000000231e+00,3.708000000000000185e+00
5.000000000000004441e-03,3.339999999999999858e+00,3.772000000000000242e+00
5.050000000000005873e-03,3.260000000000000231e+00,3.704000000000000181e+00
5.100000000000000366e-03,3.320000000000000284e+00,3.724000000000000199e+00
5.150000000000001799e-03,3.260000000000000231e+00,3.752000000000000224e+00
5.200000000000003231e-03,3.260000000000000231e+00,3.756000000000000227e+00
5.250000000000004663e-03,3.320000000000000284e+00,3.720000000000000195e+00
5.300000000000006095e-03,3.320000000000000284e+00,3.756000000000000227e+00
5.350000000000000588e-03,3.260000000000000231e+00,3.720000000000000195e+00
5.400000000000002021e-03,3.320000000000000284e+00,3.716000000000000192e+00
5.450000000000003453e-03,3.260000000000000231e+00,3.756000000000000227e+00
5.500000000000004885e-03,3.320000000000000284e+00,3.724000000000000199e+00
5.549999999999999378e-03,3.260000000000000231e+00,3.752000000000000224e+00
5.600000000000000810e-03,3.260000000000000231e+00,3.720000000000000195e+00
5.650000000000002243e-03,3.320000000000000284e+00,3.752000000000000224e+00
5.700000000000003675e-03,3.320000000000000284e+00,3.756000000000000227e+00
5.750000000000005107e-03,3.260000000000000231e+00,3.724000000000000199e+00
5.799999999999999600e-03,3.260000000000000231e+00,3.712000000000000188e+00
5.850000000000001033e-03,3.540000000000000036e+00,3.784000000000000252e+00
5.900000000000002465e-03,3.560000000000000053e+00,3.748000000000000220e+00
5.950000000000003897e-03,3.500000000000000000e+00,3.796000000000000263e+00
6.000000000000005329e-03,3.500000000000000000e+00,3.812000000000000277e+00
6.049999999999999822e-03,3.600000000000000089e+00,3.740000000000000213e+00
6.100000000000001255e-03,3.520000000000000018e+00,3.772000000000000242e+00
6.150000000000002687e-03,3.580000000000000071e+00,3.812000000000000277e+00
6.200000000000004119e-03,3.520000000000000018e+00,3.812000000000000277e+00
6.250000000000005551e-03,3.580000000000000071e+00,3.780000000000000249e+00
6.300000000000000044e-03,3.600000000000000089e+00,3.780000000000000249e+00
6.350000000000001477e-03,3.520000000000000018e+00,3.820000000000000284e+00
6.400000000000002909e-03,3.600000000000000089e+00,3.824000000000000288e+00
6.450000000000004341e-03,3.540000000000000036e+00,3.780000000000000249e+00
6.500000000000005773e-03,3.600000000000000089e+00,3.780000000000000249e+00
6.550000000000000266e-03,3.520000000000000018e+00,3.824000000000000288e+00
6.600000000000001699e-03,3.540000000000000036e+00,3.788000000000000256e+00
6.650000000000003131e-03,3.600000000000000089e+00,3.824000000000000288e+00
6.700000000000004563e-03,3.600000000000000089e+00,3.788000000000000256e+00
6.750000000000005995e-03,3.540000000000000036e+00,3.828000000000000291e+00
6.800000000000000488e-03,3.600000000000000089e+00,3.828000000000000291e+00
6.850000000000001921e-03,3.320000000000000284e+00,3.784000000000000252e+00
6.900000000000003353e-03,3.479999999999999982e+00,3.816000000000000281e+00
6.950000000000004785e-03,3.399999999999999911e+00,3.752000000000000224e+00
7.000000000000006217e-03,3.500000000000000000e+00,3.760000000000000231e+00
7.050000000000000711e-03,3.399999999999999911e+00,3.828000000000000291e+00
7.100000000000002143e-03,3.459999999999999964e+00,3.800000000000000266e+00
7.150000000000003575e-03,3.399999999999999911e+00,3.764000000000000234e+00
7.200000000000005007e-03,3.459999999999999964e+00,3.800000000000000266e+00
7.249999999999999500e-03,3.399999999999999911e+00,3.764000000000000234e+00
7.300000000000000933e-03,3.459999999999999964e+00,3.800000000000000266e+00
7.350000000000002365e-03,3.399999999999999911e+00,3.760000000000000231e+00
7.400000000000003797e-03,3.459999999999999964e+00,3.796000000000000263e+00
7.450000000000005229e-03,3.399999999999999911e+00,3.760000000000000231e+00
7.499999999999999722e-03,3.459999999999999964e+00,3.792000000000000259e+00
7.550000000000001155e-03,3.399999999999999911e+00,3.756000000000000227e+00
7.600000000000002587e-03,3.459999999999999964e+00,3.792000000000000259e+00
7.650000000000004019e-03,3.399999999999999911e+00,3.756000000000000227e+00
7.700000000000005451e-03,3.399999999999999911e+00,3.764000000000000234e+00
7.749999999999999944e-03,3.459999999999999964e+00,3.792000000000000259e+00
7.800000000000001377e-03,3.399999999999999911e+00,3.740000000000000213e+00
7.850000000000002809e-03,3.680000000000000160e+00,3.820000000000000284e+00
7.900000000000004241e-03,3.640000000000000124e+00,3.796000000000000263e+00
7.950000000000005673e-03,3.700000000000000178e+00,3.843999999999999861e+00
8.000000000000000167e-03,3.640000000000000124e+00,3.800000000000000266e+00
8.050000000000001599e-03,3.700000000000000178e+00,3.843999999999999861e+00
8.100000000000003031e-03,3.660000000000000142e+00,3.812000000000000277e+00
8.150000000000004463e-03,3.700000000000000178e+00,3.847999999999999865e+00
8.200000000000005895e-03,3.660000000000000142e+00,3.816000000000000281e+00
8.250000000000000389e-03,3.700000000000000178e+00,3.851999999999999869e+00
8.300000000000001821e-03,3.700000000000000178e+00,3.820000000000000284e+00
8.350000000000003253e-03,3.660000000000000142e+00,3.855999999999999872e+00
8.400000000000004685e-03,3.660000000000000142e+00,3.855999999999999872e+00
8.450000000000006117e-03,3.700000000000000178e+00,3.824000000000000288e+00
8.500000000000000611e-03,3.700000000000000178e+00,3.824000000000000288e+00
8.550000000000002043e-03,3.660000000000000142e+00,3.863999999999999879e+00
8.600000000000003475e-03,3.700000000000000178e+00,3.859999999999999876e+00
8.650000000000004907e-03,3.660000000000000142e+00,3.820000000000000284e+00
8.700000000000006339e-03,3.660000000000000142e+00,3.863999999999999879e+00
8.750000000000000833e-03,3.700000000000000178e+00,3.828000000000000291e+00
8.800000000000002265e-03,3.700000000000000178e+00,3.859999999999999876e+00
8.850000000000003697e-03,3.580000000000000071e+00,3.824000000000000288e+00
8.900000000000005129e-03,3.660000000000000142e+00,3.867999999999999883e+00
8.949999999999999623e-03,3.740000000000000213e+00,3.816000000000000281e+00
9.000000000000001055e-03,3.720000000000000195e+00,3.879999999999999893e+00
9.050000000000002487e-03,3.660000000000000142e+00,3.820000000000000284e+00
9.100000000000003919e-03,3.700000000000000178e+00,3.867999999999999883e+00
9.150000000000005351e-03,3.660000000000000142e+00,3.828000000000000291e+00
9.199999999999999845e-03,3.660000000000000142e+00,3.824000000000000288e+00
9.250000000000001277e-03,3.700000000000000178e+00,3.863999999999999879e+00
9.300000000000002709e-03,3.700000000000000178e+00,3.828000000000000291e+00
9.350000000000004141e-03,3.660000000000000142e+00,3.867999999999999883e+00
9.400000000000005573e-03,3.660000000000000142e+00,3.867999999999999883e+00
9.450000000000000067e-03,3.700000000000000178e+00,3.828000000000000291e+00
9.500000000000001499e-03,3.660000000000000142e+00,3.828000000000000291e+00
9.550000000000002931e-03,3.700000000000000178e+00,3.867999999999999883e+00
9.600000000000004363e-03,3.700000000000000178e+00,3.828000000000000291e+00
9.650000000000005795e-03,3.660000000000000142e+00,3.863999999999999879e+00
9.700000000000000289e-03,3.660000000000000142e+00,3.832000000000000295e+00
9.750000000000001721e-03,3.760000000000000231e+00,3.863999999999999879e+00
9.800000000000003153e-03,3.720000000000000195e+00,3.832000000000000295e+00
9.850000000000004585e-03,3.899999999999999911e+00,3.879999999999999893e+00
9.900000000000006017e-03,3.859999999999999876e+00,3.891999999999999904e+00
9.950000000000000511e-03,3.959999999999999964e+00,3.824000000000000288e+00
1.000000000000000194e-02,3.959999999999999964e+00,3.839999999999999858e+00
1.005000000000000338e-02,3.879999999999999893e+00,3.899999999999999911e+00
1.010000000000000481e-02,3.919999999999999929e+00,3.855999999999999872e+00
1.015000000000000624e-02,3.979999999999999982e+00,3.891999999999999904e+00
1.020000000000000073e-02,3.919999999999999929e+00,3.891999999999999904e+00
1.025000000000000216e-02,4.000000000000000000e+00,3.855999999999999872e+00
1.030000000000000360e-02,3.919999999999999929e+00,3.859999999999999876e+00
1.035000000000000503e-02,4.000000000000000000e+00,3.895999999999999908e+00
1.040000000000000646e-02,3.939999999999999947e+00,3.859999999999999876e+00
1.045000000000000095e-02,4.000000000000000000e+00,3.903999999999999915e+00
1.050000000000000239e-02,3.939999999999999947e+00,3.859999999999999876e+00
1.055000000000000382e-02,4.020000000000000462e+00,3.895999999999999908e+00
1.060000000000000525e-02,3.939999999999999947e+00,3.859999999999999876e+00
1.064999999999999974e-02,4.020000000000000462e+00,3.899999999999999911e+00
1.070000000000000118e-02,4.020000000000000462e+00,3.899999999999999911e+00
1.075000000000000261e-02,3.280000000000000249e+00,3.816000000000000281e+00
1.080000000000000404e-02,3.180000000000000160e+00,3.836000000000000298e+00
1.085000000000000547e-02,2.979999999999999982e+00,3.756000000000000227e+00
1.089999999999999997e-02,3.000000000000000000e+00,3.784000000000000252e+00
1.095000000000000140e-02,2.939999999999999947e+00,3.716000000000000192e+00
1.100000000000000283e-02,3.000000000000000000e+00,3.768000000000000238e+00
1.105000000000000426e-02,2.919999999999999929e+00,3.700000000000000178e+00
1.110000000000000570e-02,2.979999999999999982e+00,3.732000000000000206e+00
1.115000000000000019e-02,2.919999999999999929e+00,3.688000000000000167e+00
1.120000000000000162e-02,2.939999999999999947e+00,3.720000000000000195e+00
1.125000000000000305e-02,2.899999999999999911e+00,3.672000000000000153e+00
1.130000000000000449e-02,2.899999999999999911e+00,3.708000000000000185e+00
1.135000000000000592e-02,2.939999999999999947e+00,3.672000000000000153e+00
1.140000000000000041e-02,2.939999999999999947e+00,3.704000000000000181e+00
1.145000000000000184e-02,2.899999999999999911e+00,3.664000000000000146e+00
1.150000000000000328e-02,2.899999999999999911e+00,3.656000000000000139e+00
1.155000000000000471e-02,2.939999999999999947e+00,3.696000000000000174e+00
1.160000000000000614e-02,2.939999999999999947e+00,3.692000000000000171e+00
1.165000000000000063e-02,2.879999999999999893e+00,3.652000000000000135e+00
1.170000000000000207e-02,2.899999999999999911e+00,3.656000000000000139e+00
1.175000000000000350e-02,3.100000000000000089e+00,3.692000000000000171e+00
1.180000000000000493e-02,3.120000000000000107e+00,3.668000000000000149e+00
1.185000000000000636e-02,3.060000000000000053e+00,3.704000000000000181e+00
1.190000000000000085e-02,3.140000000000000124e+00,3.716000000000000192e+00
1.195000000000000229e-02,3.060000000000000053e+00,3.656000000000000139e+00
1.200000000000000372e-02,3.080000000000000071e+00,3.656000000000000139e+00
1.205000000000000515e-02,3.140000000000000124e+00,3.720000000000000195e+00
1.210000000000000658e-02,3.140000000000000124e+00,3.716000000000000192e+00
1.215000000000000108e-02,3.100000000000000089e+00,3.676000000000000156e+00
1.220000000000000251e-02,3.100000000000000089e+00,3.676000000000000156e+00
1.225000000000000394e-02,3.140000000000000124e+00,3.716000000000000192e+00
1.230000000000000537e-02,3.100000000000000089e+00,3.716000000000000192e+00
1.234999999999999987e-02,3.140000000000000124e+00,3.684000000000000163e+00
1.240000000000000130e-02,3.140000000000000124e+00,3.684000000000000163e+00
1.245000000000000273e-02,3.100000000000000089e+00,3.716000000000000192e+00
1.250000000000000416e-02,3.140000000000000124e+00,3.684000000000000163e+00
1.255000000000000560e-02,3.100000000000000089e+00,3.716000000000000192e+00
1.260000000000000009e-02,3.100000000000000089e+00,3.716000000000000192e+00
1.265000000000000152e-02,3.140000000000000124e+00,3.680000000000000160e+00
1.270000000000000295e-02,3.140000000000000124e+00,3.716000000000000192e+00
1.275000000000000439e-02,2.899999999999999911e+00,3.676000000000000156e+00
1.280000000000000582e-02,3.100000000000000089e+00,3.712000000000000188e+00
1.285000000000000031e-02,3.140000000000000124e+00,3.684000000000000163e+00
1.290000000000000174e-02,3.100000000000000089e+00,3.680000000000000160e+00
1.295000000000000318e-02,3.140000000000000124e+00,3.724000000000000199e+00
1.300000000000000461e-02,3.080000000000000071e+00,3.660000000000000142e+00
1.305000000000000604e-02,3.160000000000000142e+00,3.752000000000000224e+00
1.310000000000000053e-02,3.100000000000000089e+00,3.720000000000000195e+00
1.315000000000000197e-02,3.140000000000000124e+00,3.684000000000000163e+00
1.320000000000000340e-02,3.100000000000000089e+00,3.716000000000000192e+00
1.325000000000000483e-02,3.140000000000000124e+00,3.680000000000000160e+00
1.330000000000000626e-02,3.140000000000000124e+00,3.716000000000000192e+00
1.335000000000000075e-02,3.100000000000000089e+00,3.684000000000000163e+00
1.340000000000000219e-02,3.100000000000000089e+00,3.712000000000000188e+00
1.345000000000000362e-02,3.140000000000000124e+00,3.680000000000000160e+00
1.350000000000000505e-02,3.140000000000000124e+00,3.716000000000000192e+00
1.355000000000000648e-02,3.100000000000000089e+00,3.684000000000000163e+00
1.360000000000000098e-02,3.100000000000000089e+00,3.716000000000000192e+00
1.365000000000000241e-02,3.140000000000000124e+00,3.684000000000000163e+00
1.370000000000000384e-02,3.100000000000000089e+00,3.680000000000000160e+00
1.375000000000000527e-02,3.399999999999999911e+00,3.744000000000000217e+00
1.379999999999999977e-02,3.339999999999999858e+00,3.716000000000000192e+00
1.385000000000000120e-02,3.419999999999999929e+00,3.760000000000000231e+00
1.390000000000000263e-02,3.379999999999999893e+00,3.728000000000000203e+00
1.395000000000000406e-02,3.439999999999999947e+00,3.788000000000000256e+00
1.400000000000000550e-02,3.359999999999999876e+00,3.720000000000000195e+00
1.404999999999999999e-02,3.479999999999999982e+00,3.804000000000000270e+00
1.410000000000000142e-02,3.379999999999999893e+00,3.780000000000000249e+00
1.415000000000000285e-02,3.419999999999999929e+00,3.740000000000000213e+00
1.420000000000000429e-02,3.379999999999999893e+00,3.740000000000000213e+00
1.425000000000000572e-02,3.439999999999999947e+00,3.788000000000000256e+00
1.430000000000000021e-02,3.419999999999999929e+00,3.784000000000000252e+00
1.435000000000000164e-02,3.379999999999999893e+00,3.740000000000000213e+00
1.440000000000000308e-02,3.379999999999999893e+00,3.748000000000000220e+00
1.445000000000000451e-02,3.439999999999999947e+00,3.784000000000000252e+00
1.450000000000000594e-02,3.419999999999999929e+00,3.744000000000000217e+00
1.455000000000000043e-02,3.379999999999999893e+00,3.784000000000000252e+00
1.460000000000000187e-02,3.379999999999999893e+00,3.788000000000000256e+00
1.465000000000000330e-02,3.459999999999999964e+00,3.748000000000000220e+00
1.470000000000000473e-02,3.439999999999999947e+00,3.800000000000000266e+00
1.475000000000000616e-02,3.140000000000000124e+00,3.732000000000000206e+00
1.480000000000000066e-02,3.320000000000000284e+00,3.760000000000000231e+00
1.485000000000000209e-02,3.260000000000000231e+00,3.728000000000000203e+00
1.490000000000000352e-02,3.320000000000000284e+00,3.764000000000000234e+00
1.495000000000000495e-02,3.240000000000000213e+00,3.704000000000000181e+00
1.500000000000000638e-02,3.240000000000000213e+00,3.704000000000000181e+00
1.505000000000000088e-02,3.320000000000000284e+00,3.784000000000000252e+00
1.510000000000000231e-02,3.260000000000000231e+00,3.724000000000000199e+00
1.515000000000000374e-02,3.320000000000000284e+00,3.756000000000000227e+00
1.520000000000000517e-02,3.300000000000000266e+00,3.760000000000000231e+00
1.525000000000000661e-02,3.240000000000000213e+00,3.720000000000000195e+00
1.530000000000000110e-02,3.300000000000000266e+00,3.752000000000000224e+00
1.535000000000000253e-02,3.240000000000000213e+00,3.716000000000000192e+00
1.540000000000000396e-02,3.240000000000000213e+00,3.716000000000000192e+00
1.545000000000000540e-02,3.300000000000000266e+00,3.752000000000000224e+00
1.549999999999999989e-02,3.280000000000000249e+00,3.752000000000000224e+00
1.555000000000000132e-02,3.240000000000000213e+00,3.720000000000000195e+00
1.560000000000000275e-02,3.240000000000000213e+00,3.716000000000000192e+00
1.565000000000000419e-02,3.300000000000000266e+00,3.756000000000000227e+00
1.570000000000000562e-02,3.260000000000000231e+00,3.720000000000000195e+00
1.575000000000000011e-02,3.540000000000000036e+00,3.780000000000000249e+00
1.580000000000000154e-02,3.540000000000000036e+00,3.752000000000000224e+00
1.585000000000000298e-02,3.500000000000000000e+00,3.792000000000000259e+00
1.590000000000000441e-02,3.500000000000000000e+00,3.808000000000000274e+00
1.595000000000000584e-02,3.560000000000000053e+00,3.760000000000000231e+00
1.600000000000000033e-02,3.560000000000000053e+00,3.820000000000000284e+00
1.605000000000000177e-02,3.479999999999999982e+00,3.740000000000000213e+00
1.610000000000000320e-02,3.520000000000000018e+00,3.776000000000000245e+00
1.615000000000000463e-02,3.560000000000000053e+00,3.812000000000000277e+00
1.620000000000000606e-02,3.520000000000000018e+00,3.812000000000000277e+00
1.625000000000000056e-02,3.560000000000000053e+00,3.776000000000000245e+00
1.630000000000000199e-02,3.520000000000000018e+00,3.816000000000000281e+00
1.635000000000000342e-02,3.560000000000000053e+00,3.780000000000000249e+00
1.640000000000000485e-02,3.520000000000000018e+00,3.780000000000000249e+00
1.645000000000000628e-02,3.560000000000000053e+00,3.820000000000000284e+00
1.650000000000000078e-02,3.520000000000000018e+00,3.784000000000000252e+00
1.655000000000000221e-02,3.560000000000000053e+00,3.816000000000000281e+00
1.660000000000000364e-02,3.560000000000000053e+00,3.780000000000000249e+00
1.665000000000000507e-02,3.399999999999999911e+00,3.816000000000000281e+00
1.670000000000000651e-02,3.439999999999999947e+00,3.780000000000000249e+00
1.675000000000000100e-02,3.600000000000000089e+00,3.820000000000000284e+00
1.680000000000000243e-02,3.540000000000000036e+00,3.784000000000000252e+00
1.685000000000000386e-02,3.600000000000000089e+00,3.820000000000000284e+00
1.690000000000000530e-02,3.600000000000000089e+00,3.824000000000000288e+00
1.695000000000000673e-02,3.520000000000000018e+00,3.772000000000000242e+00
1.700000000000000122e-02,3.520000000000000018e+00,3.772000000000000242e+00
1.705000000000000265e-02,3.620000000000000107e+00,3.859999999999999876e+00
1.710000000000000409e-02,3.540000000000000036e+00,3.788000000000000256e+00
1.715000000000000552e-02,3.600000000000000089e+00,3.820000000000000284e+00
1.720000000000000001e-02,3.600000000000000089e+00,3.824000000000000288e+00
1.725000000000000144e-02,3.520000000000000018e+00,3.784000000000000252e+00
1.730000000000000288e-02,3.540000000000000036e+00,3.788000000000000256e+00
1.735000000000000431e-02,3.600000000000000089e+00,3.824000000000000288e+00
1.740000000000000574e-02,3.540000000000000036e+00,3.828000000000000291e+00
1.745000000000000023e-02,3.600000000000000089e+00,3.788000000000000256e+00
1.750000000000000167e-02,3.520000000000000018e+00,3.784000000000000252e+00
1.755000000000000310e-02,3.600000000000000089e+00,3.828000000000000291e+00
1.760000000000000453e-02,3.540000000000000036e+00,3.792000000000000259e+00
1.765000000000000596e-02,3.680000000000000160e+00,3.832000000000000295e+00
1.770000000000000046e-02,3.640000000000000124e+00,3.804000000000000270e+00
1.775000000000000189e-02,3.700000000000000178e+00,3.843999999999999861e+00
1.780000000000000332e-02,3.700000000000000178e+00,3.843999999999999861e+00
1.785000000000000475e-02,3.660000000000000142e+00,3.808000000000000274e+00
1.790000000000000618e-02,3.700000000000000178e+00,3.796000000000000263e+00
1.795000000000000068e-02,3.640000000000000124e+00,3.867999999999999883e+00
1.800000000000000211e-02,3.720000000000000195e+00,3.796000000000000263e+00
1.805000000000000354e-02,3.640000000000000124e+00,3.859999999999999876e+00
1.810000000000000497e-02,3.700000000000000178e+00,3.855999999999999872e+00
1.815000000000000641e-02,3.660000000000000142e+00,3.820000000000000284e+00
1.820000000000000090e-02,3.660000000000000142e+00,3.824000000000000288e+00
1.825000000000000233e-02,3.700000000000000178e+00,3.859999999999999876e+00
1.830000000000000376e-02,3.700000000000000178e+00,3.820000000000000284e+00
1.835000000000000520e-02,3.660000000000000142e+00,3.859999999999999876e+00
1.840000000000000663e-02,3.660000000000000142e+00,3.851999999999999869e+00
1.845000000000000112e-02,3.700000000000000178e+00,3.820000000000000284e+00
1.850000000000000255e-02,3.700000000000000178e+00,3.820000000000000284e+00
1.855000000000000399e-02,3.660000000000000142e+00,3.859999999999999876e+00
1.860000000000000542e-02,3.700000000000000178e+00,3.871999999999999886e+00
1.865000000000000685e-02,3.339999999999999858e+00,3.792000000000000259e+00
1.870000000000000134e-02,3.359999999999999876e+00,3.816000000000000281e+00
1.875000000000000278e-02,3.320000000000000284e+00,3.768000000000000238e+00
1.880000000000000421e-02,3.359999999999999876e+00,3.796000000000000263e+00
1.885000000000000564e-02,3.300000000000000266e+00,3.748000000000000220e+00
1.890000000000000013e-02,3.339999999999999858e+00,3.784000000000000252e+00
1.895000000000000157e-02,3.260000000000000231e+00,3.724000000000000199e+00
1.900000000000000300e-02,3.260000000000000231e+00,3.788000000000000256e+00
1.905000000000000443e-02,3.339999999999999858e+00,3.720000000000000195e+00
1.910000000000000586e-02,3.300000000000000266e+00,3.764000000000000234e+00
1.915000000000000036e-02,3.339999999999999858e+00,3.732000000000000206e+00
1.920000000000000179e-02,3.339999999999999858e+00,3.764000000000000234e+00
1.925000000000000322e-02,3.280000000000000249e+00,3.728000000000000203e+00
1.930000000000000465e-02,3.339999999999999858e+00,3.756000000000000227e+00
1.935000000000000608e-02,3.260000000000000231e+00,3.724000000000000199e+00
1.940000000000000058e-02,3.320000000000000284e+00,3.756000000000000227e+00
1.945000000000000201e-02,3.260000000000000231e+00,3.724000000000000199e+00
1.950000000000000344e-02,3.320000000000000284e+00,3.752000000000000224e+00
1.955000000000000487e-02,3.260000000000000231e+00,3.724000000000000199e+00
1.960000000000000631e-02,3.260000000000000231e+00,3.724000000000000199e+00
1.965000000000000080e-02,3.540000000000000036e+00,3.776000000000000245e+00
1.970000000000000223e-02,3.500000000000000000e+00,3.752000000000000224e+00
1.975000000000000366e-02,3.560000000000000053e+00,3.796000000000000263e+00
1.980000000000000510e-02,3.560000000000000053e+00,3.768000000000000238e+00
1.985000000000000653e-02,3.520000000000000018e+00,3.808000000000000274e+00
1.990000000000000102e-02,3.520000000000000018e+00,3.760000000000000231e+00
1.995000000000000245e-02,3.600000000000000089e+00,3.820000000000000284e+00
2.000000000000000389e-02,3.600000000000000089e+00,3.816000000000000281e+00
2.005000000000000532e-02,3.520000000000000018e+00,3.776000000000000245e+00
2.010000000000000675e-02,3.540000000000000036e+00,3.784000000000000252e+00
2.015000000000000124e-02,3.580000000000000071e+00,3.812000000000000277e+00
2.020000000000000268e-02,3.540000000000000036e+00,3.788000000000000256e+00
2.025000000000000411e-02,3.600000000000000089e+00,3.820000000000000284e+00
2.030000000000000554e-02,3.600000000000000089e+00,3.784000000000000252e+00
2.035000000000000697e-02,3.540000000000000036e+00,3.824000000000000288e+00
2.040000000000000147e-02,3.540000000000000036e+00,3.820000000000000284e+00
2.045000000000000290e-02,3.600000000000000089e+00,3.784000000000000252e+00
2.050000000000000433e-02,3.600000000000000089e+00,3.788000000000000256e+00
2.055000000000000576e-02,3.540000000000000036e+00,3.828000000000000291e+00
2.060000000000000026e-02,3.600000000000000089e+00,3.820000000000000284e+00
2.065000000000000169e-02,3.439999999999999947e+00,3.776000000000000245e+00
2.070000000000000312e-02,3.479999999999999982e+00,3.772000000000000242e+00
2.075000000000000455e-02,3.439999999999999947e+00,3.808000000000000274e+00
2.080000000000000598e-02,3.439999999999999947e+00,3.804000000000000270e+00
2.085000000000000048e-02,3.479999999999999982e+00,3.768000000000000238e+00
2.090000000000000191e-02,3.479999999999999982e+00,3.804000000000000270e+00
2.095000000000000334e-02,3.419999999999999929e+00,3.744000000000000217e+00
2.100000000000000477e-02,3.500000000000000000e+00,3.740000000000000213e+00
2.105000000000000621e-02,3.399999999999999911e+00,3.824000000000000288e+00
2.110000000000000070e-02,3.459999999999999964e+00,3.792000000000000259e+00
2.115000000000000213e-02,3.399999999999999911e+00,3.756000000000000227e+00
2.120000000000000356e-02,3.459999999999999964e+00,3.752000000000000224e+00
2.125000000000000500e-02,3.399999999999999911e+00,3.792000000000000259e+00
2.130000000000000643e-02,3.459999999999999964e+00,3.792000000000000259e+00
2.135000000000000092e-02,3.399999999999999911e+00,3.756000000000000227e+00
2.140000000000000235e-02,3.399999999999999911e+00,3.756000000000000227e+00
2.145000000000000379e-02,3.479999999999999982e+00,3.796000000000000263e+00
2.150000000000000522e-02,3.399999999999999911e+00,3.792000000000000259e+00
2.155000000000000665e-02,3.459999999999999964e+00,3.756000000000000227e+00
2.160000000000000114e-02,3.399999999999999911e+00,3.756000000000000227e+00
2.165000000000000258e-02,3.560000000000000053e+00,3.812000000000000277e+00
2.170000000000000401e-02,3.520000000000000018e+00,3.812000000000000277e+00
2.175000000000000544e-02,3.560000000000000053e+00,3.772000000000000242e+00
2.180000000000000687e-02,3.520000000000000018e+00,3.780000000000000249e+00
2.185000000000000137e-02,3.600000000000000089e+00,3.820000000000000284e+00
2.190000000000000280e-02,3.600000000000000089e+00,3.780000000000000249e+00
2.195000000000000423e-02,3.520000000000000018e+00,3.832000000000000295e+00
2.200000000000000566e-02,3.500000000000000000e+00,3.832000000000000295e+00
2.205000000000000016e-02,3.600000000000000089e+00,3.752000000000000224e+00
2.210000000000000159e-02,3.600000000000000089e+00,3.780000000000000249e+00
2.215000000000000302e-02,3.540000000000000036e+00,3.828000000000000291e+00
2.220000000000000445e-02,3.600000000000000089e+00,3.788000000000000256e+00
2.225000000000000588e-02,3.540000000000000036e+00,3.824000000000000288e+00
2.230000000000000038e-02,3.540000000000000036e+00,3.788000000000000256e+00
2.235000000000000181e-02,3.600000000000000089e+00,3.828000000000000291e+00
2.240000000000000324e-02,3.600000000000000089e+00,3.788000000000000256e+00
2.245000000000000467e-02,3.540000000000000036e+00,3.828000000000000291e+00
2.250000000000000611e-02,3.600000000000000089e+00,3.788000000000000256e+00
2.255000000000000060e-02,3.540000000000000036e+00,3.828000000000000291e+00
2.260000000000000203e-02,3.600000000000000089e+00,3.820000000000000284e+00
2.265000000000000346e-02,3.140000000000000124e+00,3.744000000000000217e+00
2.270000000000000490e-02,3.120000000000000107e+00,3.764000000000000234e+00
2.275000000000000633e-02,3.180000000000000160e+00,3.724000000000000199e+00
2.280000000000000082e-02,3.160000000000000142e+00,3.748000000000000220e+00
2.285000000000000225e-02,3.100000000000000089e+00,3.712000000000000188e+00
2.290000000000000369e-02,3.100000000000000089e+00,3.740000000000000213e+00
2.295000000000000512e-02,3.160000000000000142e+00,3.684000000000000163e+00
2.300000000000000655e-02,3.140000000000000124e+00,3.744000000000000217e+00
2.305000000000000104e-02,3.060000000000000053e+00,3.672000000000000153e+00
2.310000000000000248e-02,3.140000000000000124e+00,3.692000000000000171e+00
2.315000000000000391e-02,3.100000000000000089e+00,3.724000000000000199e+00
2.320000000000000534e-02,3.100000000000000089e+00,3.688000000000000167e+00
2.325000000000000677e-02,3.140000000000000124e+00,3.720000000000000195e+00
2.330000000000000127e-02,3.100000000000000089e+00,3.720000000000000195e+00
2.335000000000000270e-02,3.140000000000000124e+00,3.684000000000000163e+00
2.340000000000000413e-02,3.100000000000000089e+00,3.720000000000000195e+00
2.345000000000000556e-02,3.140000000000000124e+00,3.684000000000000163e+00
2.350000000000000699e-02,3.080000000000000071e+00,3.680000000000000160e+00
2.355000000000000149e-02,3.260000000000000231e+00,3.732000000000000206e+00
2.360000000000000292e-02,3.240000000000000213e+00,3.696000000000000174e+00
2.365000000000000435e-02,3.280000000000000249e+00,3.732000000000000206e+00
2.370000000000000578e-02,3.240000000000000213e+00,3.700000000000000178e+00
2.375000000000000028e-02,3.280000000000000249e+00,3.736000000000000210e+00
2.380000000000000171e-02,3.240000000000000213e+00,3.740000000000000213e+00
2.385000000000000314e-02,3.280000000000000249e+00,3.704000000000000181e+00
2.390000000000000457e-02,3.300000000000000266e+00,3.692000000000000171e+00
2.395000000000000601e-02,3.200000000000000178e+00,3.752000000000000224e+00
2.400000000000000050e-02,3.300000000000000266e+00,3.692000000000000171e+00
2.405000000000000193e-02,3.220000000000000195e+00,3.764000000000000234e+00
2.410000000000000336e-02,3.280000000000000249e+00,3.712000000000000188e+00
2.415000000000000480e-02,3.240000000000000213e+00,3.752000000000000224e+00
2.420000000000000623e-02,3.280000000000000249e+00,3.712000000000000188e+00
2.425000000000000072e-02,3.240000000000000213e+00,3.748000000000000220e+00
2.430000000000000215e-02,3.280000000000000249e+00,3.716000000000000192e+00
2.435000000000000359e-02,3.240000000000000213e+00,3.752000000000000224e+00
2.440000000000000502e-02,3.240000000000000213e+00,3.720000000000000195e+00
2.445000000000000645e-02,3.300000000000000266e+00,3.752000000000000224e+00
2.450000000000000094e-02,3.300000000000000266e+00,3.752000000000000224e+00
2.455000000000000238e-02,3.120000000000000107e+00,3.712000000000000188e+00
2.460000000000000381e-02,3.240000000000000213e+00,3.712000000000000188e+00
2.465000000000000524e-02,3.300000000000000266e+00,3.752000000000000224e+00
2.470000000000000667e-02,3.240000000000000213e+00,3.752000000000000224e+00
2.475000000000000117e-02,3.300000000000000266e+00,3.712000000000000188e+00
2.480000000000000260e-02,3.280000000000000249e+00,3.716000000000000192e+00
2.485000000000000403e-02,3.240000000000000213e+00,3.748000000000000220e+00
2.490000000000000546e-02,3.240000000000000213e+00,3.696000000000000174e+00
2.495000000000000689e-02,3.300000000000000266e+00,3.764000000000000234e+00
2.500000000000000139e-02,3.240000000000000213e+00,3.696000000000000174e+00
2.505000000000000282e-02,3.320000000000000284e+00,3.780000000000000249e+00
2.510000000000000425e-02,3.240000000000000213e+00,3.712000000000000188e+00
2.515000000000000568e-02,3.300000000000000266e+00,3.756000000000000227e+00
2.520000000000000712e-02,3.260000000000000231e+00,3.720000000000000195e+00
2.525000000000000161e-02,3.300000000000000266e+00,3.756000000000000227e+00
2.530000000000000304e-02,3.240000000000000213e+00,3.748000000000000220e+00
2.535000000000000447e-02,3.300000000000000266e+00,3.716000000000000192e+00
2.540000000000000591e-02,3.260000000000000231e+00,3.720000000000000195e+00
2.545000000000000040e-02,3.300000000000000266e+00,3.756000000000000227e+00
2.550000000000000183e-02,3.240000000000000213e+00,3.720000000000000195e+00
2.555000000000000326e-02,3.620000000000000107e+00,3.788000000000000256e+00
2.560000000000000470e-02,3.580000000000000071e+00,3.764000000000000234e+00
2.565000000000000613e-02,3.640000000000000124e+00,3.808000000000000274e+00
2.570000000000000062e-02,3.600000000000000089e+00,3.780000000000000249e+00
2.575000000000000205e-02,3.660000000000000142e+00,3.824000000000000288e+00
2.580000000000000349e-02,3.600000000000000089e+00,3.792000000000000259e+00
2.585000000000000492e-02,3.680000000000000160e+00,3.832000000000000295e+00
2.590000000000000635e-02,3.640000000000000124e+00,3.855999999999999872e+00
2.595000000000000084e-02,3.680000000000000160e+00,3.804000000000000270e+00
2.600000000000000228e-02,3.620000000000000107e+00,3.784000000000000252e+00
2.605000000000000371e-02,3.720000000000000195e+00,3.887999999999999901e+00
2.610000000000000514e-02,3.640000000000000124e+00,3.812000000000000277e+00
2.615000000000000657e-02,3.680000000000000160e+00,3.851999999999999869e+00
2.620000000000000107e-02,3.640000000000000124e+00,3.812000000000000277e+00
2.625000000000000250e-02,3.680000000000000160e+00,3.847999999999999865e+00
2.630000000000000393e-02,3.680000000000000160e+00,3.851999999999999869e+00
2.635000000000000536e-02,3.640000000000000124e+00,3.820000000000000284e+00
2.640000000000000679e-02,3.640000000000000124e+00,3.820000000000000284e+00
2.645000000000000129e-02,3.680000000000000160e+00,3.855999999999999872e+00
2.650000000000000272e-02,3.680000000000000160e+00,3.859999999999999876e+00
2.655000000000000415e-02,3.320000000000000284e+00,3.780000000000000249e+00
2.660000000000000558e-02,3.359999999999999876e+00,3.812000000000000277e+00
2.665000000000000702e-02,3.300000000000000266e+00,3.768000000000000238e+00
2.670000000000000151e-02,3.300000000000000266e+00,3.792000000000000259e+00
2.675000000000000294e-02,3.339999999999999858e+00,3.752000000000000224e+00
2.680000000000000437e-02,3.320000000000000284e+00,3.776000000000000245e+00
2.685000000000000581e-02,3.260000000000000231e+00,3.740000000000000213e+00
2.690000000000000724e-02,3.320000000000000284e+00,3.732000000000000206e+00
2.695000000000000173e-02,3.260000000000000231e+00,3.776000000000000245e+00
2.700000000000000316e-02,3.320000000000000284e+00,3.780000000000000249e+00
2.705000000000000460e-02,3.240000000000000213e+00,3.712000000000000188e+00
2.710000000000000603e-02,3.260000000000000231e+00,3.724000000000000199e+00
2.715000000000000052e-02,3.320000000000000284e+00,3.764000000000000234e+00
2.720000000000000195e-02,3.320000000000000284e+00,3.728000000000000203e+00
2.725000000000000339e-02,3.260000000000000231e+00,3.760000000000000231e+00
2.730000000000000482e-02,3.320000000000000284e+00,3.760000000000000231e+00
2.735000000000000625e-02,3.260000000000000231e+00,3.720000000000000195e+00
2.740000000000000074e-02,3.260000000000000231e+00,3.720000000000000195e+00
2.745000000000000218e-02,3.320000000000000284e+00,3.756000000000000227e+00
2.750000000000000361e-02,3.240000000000000213e+00,3.716000000000000192e+00
2.755000000000000504e-02,3.419999999999999929e+00,3.764000000000000234e+00
2.760000000000000647e-02,3.379999999999999893e+00,3.736000000000000210e+00
2.765000000000000097e-02,3.419999999999999929e+00,3.776000000000000245e+00
2.770000000000000240e-02,3.379999999999999893e+00,3.740000000000000213e+00
2.775000000000000383e-02,3.439999999999999947e+00,3.784000000000000252e+00
2.780000000000000526e-02,3.419999999999999929e+00,3.780000000000000249e+00
2.785000000000000669e-02,3.379999999999999893e+00,3.744000000000000217e+00
2.790000000000000119e-02,3.379999999999999893e+00,3.788000000000000256e+00
2.795000000000000262e-02,3.459999999999999964e+00,3.732000000000000206e+00
2.800000000000000405e-02,3.439999999999999947e+00,3.796000000000000263e+00
2.805000000000000548e-02,3.379999999999999893e+00,3.732000000000000206e+00
2.810000000000000692e-02,3.379999999999999893e+00,3.752000000000000224e+00
2.815000000000000141e-02,3.459999999999999964e+00,3.792000000000000259e+00
2.820000000000000284e-02,3.459999999999999964e+00,3.748000000000000220e+00
2.825000000000000427e-02,3.399999999999999911e+00,3.788000000000000256e+00
2.830000000000000571e-02,3.399999999999999911e+00,3.752000000000000224e+00
2.835000000000000714e-02,3.459999999999999964e+00,3.788000000000000256e+00
2.840000000000000163e-02,3.399999999999999911e+00,3.752000000000000224e+00
2.845000000000000306e-02,3.459999999999999964e+00,3.788000000000000256e+00
2.850000000000000450e-02,3.459999999999999964e+00,3.736000000000000210e+00
2.855000000000000593e-02,3.280000000000000249e+00,3.784000000000000252e+00
2.860000000000000736e-02,3.459999999999999964e+00,3.792000000000000259e+00
2.865000000000000185e-02,3.399999999999999911e+00,3.752000000000000224e+00
2.870000000000000329e-02,3.399999999999999911e+00,3.796000000000000263e+00
2.875000000000000472e-02,3.459999999999999964e+00,3.752000000000000224e+00
2.880000000000000615e-02,3.459999999999999964e+00,3.756000000000000227e+00
2.885000000000000064e-02,3.399999999999999911e+00,3.788000000000000256e+00
2.890000000000000208e-02,3.399999999999999911e+00,3.800000000000000266e+00
2.895000000000000351e-02,3.479999999999999982e+00,3.752000000000000224e+00
2.900000000000000494e-02,3.379999999999999893e+00,3.804000000000000270e+00
2.905000000000000637e-02,3.479999999999999982e+00,3.732000000000000206e+00
2.910000000000000087e-02,3.459999999999999964e+00,3.792000000000000259e+00
2.915000000000000230e-02,3.399999999999999911e+00,3.752000000000000224e+00
2.920000000000000373e-02,3.459999999999999964e+00,3.792000000000000259e+00
2.925000000000000516e-02,3.399999999999999911e+00,3.760000000000000231e+00
2.930000000000000659e-02,3.459999999999999964e+00,3.752000000000000224e+00
2.935000000000000109e-02,3.399999999999999911e+00,3.792000000000000259e+00
2.940000000000000252e-02,3.399999999999999911e+00,3.756000000000000227e+00
2.945000000000000395e-02,3.459999999999999964e+00,3.792000000000000259e+00
2.950000000000000538e-02,3.439999999999999947e+00,3.772000000000000242e+00
2.955000000000000682e-02,3.560000000000000053e+00,3.804000000000000270e+00
2.960000000000000131e-02,3.520000000000000018e+00,3.776000000000000245e+00
2.965000000000000274e-02,3.600000000000000089e+00,3.820000000000000284e+00
2.970000000000000417e-02,3.520000000000000018e+00,3.784000000000000252e+00
2.975000000000000561e-02,3.600000000000000089e+00,3.824000000000000288e+00
2.980000000000000704e-02,3.540000000000000036e+00,3.784000000000000252e+00
2.985000000000000153e-02,3.600000000000000089e+00,3.824000000000000288e+00
2.990000000000000296e-02,3.600000000000000089e+00,3.768000000000000238e+00
2.995000000000000440e-02,3.520000000000000018e+00,3.836000000000000298e+00
